id,n_crop,n_disease,n_medicine
1-1,[],"['病毒病', '用药不当']","['碧护', '芸苔素内酯']"
1-2,[],"['病毒病', '钝化病毒病']","['氨基寡糖素', '盐酸吗啉胍', '宁南霉素', '松脂酸铜', '烯啶吡蚜酮']"
2-1,[],['施药不当'],['微生物菌剂']
2-2,[],['用药不当'],"['碧护', '芸苔素内酯', '氨基酸叶面肥', '黄腐酸', '叶面肥', '磷酸二氢钾']"
3-1,[],['霜霉病'],"['烯酰吗啉', '锰锌', '吡唑醚菌酯', '锰锌', '烯酰', '锰锌', '氰霜唑']"
3-2,[],"['霜霉病', '发病初期']","['杀毒矾', '克露', '霜灵', '普力克', '甲霜灵']"
4-1,[],[],['哒螨灵']
4-2,[],[],[]
5-1,[],['地下害虫'],"['阿维菌素', '噻唑膦']"
5-2,[],['地下虫害'],"['敌百虫', '辛硫磷']"
6-1,[],['蓟马'],"['螺虫乙酯', '噻虫嗪', '酰胺']"
6-2,[],['蓟马'],"['乐果', '敌敌畏', '辛硫磷', '乙基多杀菌素']"
7-1,[],"['氮肥过量', '缺硼']",[]
7-2,[],"['缺硼', '缺硼']",['速乐硼']
8-1,[],['炭疽病'],"['苯醚甲环唑', '吡唑醚菌酯', '阿砣', '啶氧菌酯', '戊唑醇', '百菌清']"
9-1,[],['用药不当'],['碧护']
9-2,[],[],['氨基酸二氢钾']
9-3,[],['施药不当'],['微生物菌剂']
10-1,[],"['根系发育不良', '枯草芽孢杆菌']",[]
10-2,[],['枯草芽孢杆菌'],"['腐植酸', '碧护', '磷酸二氢钾']"
10-3,[],"['根系发育不良', '枯草芽孢杆菌']",[]
11-1,[],['细菌性病害'],"['乙蒜素', '叶枯唑', '生菌素', '氯溴异氰尿酸', '春雷王铜', '春雷霉素', '可杀得', '春雷霉素', '喹啉铜']"
11-2,[],['细菌性病害'],"['叶枯唑', '噻菌铜']"
11-3,[],['细菌性病害'],"['乙蒜素', '叶枯唑', '生菌素', '氯溴异氰尿酸', '春雷王铜', '春雷霉素', '可杀得', '春雷霉素', '喹啉铜']"
12-1,[],['炭疽病'],"['咪鲜胺', '戊唑醇', '咪鲜胺']"
12-2,[],['炭疽病'],"['肟菌戊唑醇', '氟硅唑', '苯甲丙环唑']"
13-1,"['辣椒', '辣椒']",[],[]
13-2,[],[],[]
13-3,"['辣椒', '辣椒']",[],[]
14-1,[],['红蜘蛛'],"['哒螨灵', '哒螨灵', '螺螨酯', '乙螨唑', '四螨嗪', '联苯肼酯']"
14-2,[],['红蜘蛛'],"['阿维菌素', '哒螨灵', '螺螨酯', '联苯肼酯']"
14-3,[],['红蜘蛛'],"['哒螨灵', '哒螨灵', '螺螨酯', '乙螨唑', '四螨嗪', '联苯肼酯']"
15-1,[],[],['微生物菌剂']
15-2,[],[],['微生物菌剂']
16-1,[],"['根系发育不良', '枯草芽孢杆菌']","['腐植酸', '甲霜恶霉灵', '碧护', '磷酸二氢钾']"
16-2,[],['根系发育不良'],"['微生物菌剂', '甲壳素']"
16-3,[],"['根系发育不良', '枯草芽孢杆菌']","['腐植酸', '甲霜恶霉灵', '碧护', '磷酸二氢钾']"
17-1,[],"['炭疽病', '炭疽']","['咪鲜胺锰盐', '苯甲溴菌腈', '腐霉利', '溴菌腈', '啶氧菌酯', '吡唑醚菌酯']"
17-2,['辣椒'],['炭疽'],[]
17-3,[],"['炭疽病', '炭疽']","['咪鲜胺锰盐', '苯甲溴菌腈', '腐霉利', '溴菌腈', '啶氧菌酯', '吡唑醚菌酯']"
18-1,[],['疫病'],[]
18-3,[],['疫病'],[]
19-1,[],"['畸形果', '水肥不均', '缺乏硼']","['氮肥', '磷酸二氢钾', '速乐硼', '糖醇钙']"
19-2,['辣椒'],"['畸形果', '光照不足', '缺硼', '缺钙', '氮肥过多', '磷钾肥不足', '畸形果']","['。控制氮肥', '中量元素肥料', '腐植酸', '磷酸二氢钾']"
19-3,[],"['畸形果', '水肥不均', '缺乏硼']","['氮肥', '磷酸二氢钾', '速乐硼', '糖醇钙']"
20-1,[],[],"['碧护', '氨基酸']"
20-2,[],[],['微生物菌剂']
21-1,[],[],['微生物菌剂']
21-2,[],[],['氨基酸']
21-3,[],[],['微生物菌剂']
22-1,[],['枯草芽孢杆菌'],"['腐植酸', '速乐硼', '螯合钙', '磷酸二氢钾']"
22-2,[],"['缺硼', '枯草芽孢杆菌']","['腐植酸', '速乐硼', '螯合钙']"
22-3,[],['枯草芽孢杆菌'],"['腐植酸', '速乐硼', '螯合钙', '磷酸二氢钾']"
23-1,[],"['用药不当', '病毒病']","['氨基酸', '十芸苔素', '碧护', '宁南霉素', '氨基寡糖素', '盐酸吗啉胍']"
23-2,[],['施药不当'],['微生物菌剂']
23-3,[],"['用药不当', '病毒病']","['氨基酸', '十芸苔素', '碧护', '宁南霉素', '氨基寡糖素', '盐酸吗啉胍']"
24-1,[],[],"['碧护', '芸苔素内酯']"
24-2,[],"['病斑', '气害灼伤']","['碧护', '芸苔素内酯', '磷酸二氢钾', '氨基酸叶面肥', '黄腐酸', '叶面肥']"
25-1,[],['斜纹夜蛾'],"['虱螨脲', '茚虫威', '氯虫苯甲酰胺', '苏云金杆菌']"
25-2,[],[],"['氯虫苯甲酰胺', '虫酰肼', '氟虫双酰胺', '茚虫威', '酰胺']"
25-3,[],['斜纹夜蛾'],"['虱螨脲', '茚虫威', '氯虫苯甲酰胺', '苏云金杆菌']"
26-3,[],[],"['磷酸二氢钾', '磷酸二氢钾']"
27-1,['辣椒'],['裂果'],['磷酸二氢钾']
27-3,['辣椒'],['裂果'],['磷酸二氢钾']
28-1,[],['用药不当'],"['碧护', '芸苔素内酯']"
28-2,[],[],"['碧护', '磷酸二氢钾', '氨基酸叶面肥']"
28-3,[],['用药不当'],"['碧护', '芸苔素内酯']"
29-1,[],[],"['碧护', '磷酸二氢钾']"
29-2,[],['疫病'],"['烯酰吗啉', '氟吗啉', '霜霉威盐酸盐', '霜脲锰锌', '锰锌', '氰霜唑']"
29-3,[],[],"['碧护', '磷酸二氢钾']"
30-1,[],[],['氨基酸二氢钾']
30-2,[],['用药不当'],"['氨基酸', '十芸苔素', '碧护']"
30-3,[],[],['氨基酸二氢钾']
31-1,[],"['病毒病', '钝化病毒病']","['氨基寡糖素', '盐酸吗啉胍', '宁南霉素', '松脂酸铜', '烯啶吡蚜酮']"
31-2,[],['病毒病'],[]
31-3,[],"['病毒病', '钝化病毒病']","['氨基寡糖素', '盐酸吗啉胍', '宁南霉素', '松脂酸铜', '烯啶吡蚜酮']"
32-1,[],['疫病'],['高效杀菌剂']
32-2,[],"['疫病', '病斑', '病斑', '病斑']","['叶缘', '代森锰锌', '杀毒矾', '霜霉威', '克露', '锰锌']"
32-3,[],['疫病'],['高效杀菌剂']
33-1,[],[],"['联苯菊酯', '烯啶虫胺', '噻虫嗪']"
33-2,[],[],"['烯啶虫胺', '联苯菊酯', '噻虫嗪', '高效氯氟氰菊酯', '螺虫乙酯']"
33-3,[],[],"['联苯菊酯', '烯啶虫胺', '噻虫嗪']"
34-1,[],['肥害'],['微生物菌剂']
34-2,[],['根系不好'],"['生根剂', '氨基酸叶面肥']"
34-3,[],['肥害'],['微生物菌剂']
35-1,[],[],"['碧护', '磷酸二氢钾', '氨基酸叶面肥']"
35-2,[],['用药不当'],"['氨基酸', '十芸苔素', '碧护']"
35-3,[],[],"['碧护', '磷酸二氢钾', '氨基酸叶面肥']"
36-1,['辣椒'],['疫病'],"['氰霜唑', '锰锌', '湿性粉剂']"
36-2,[],['疫病'],"['烯酰', '代森联', '代森联', '霜脲氰', '霜霉威', '烯酰', '嘧菌酯', '霜脲氰']"
36-3,['辣椒'],['疫病'],"['氰霜唑', '锰锌', '湿性粉剂']"
37-1,[],[],"['碧护', '磷酸二氢钾', '氨基酸叶面肥']"
37-2,[],"['气害', '；病害表现', '灼伤受害']","['碧护', '磷酸二氢钾', '芸苔素内酯']"
37-3,[],[],"['碧护', '磷酸二氢钾', '氨基酸叶面肥']"
38-1,[],[],"['氯氟氰菊酯', '啶虫咪']"
38-2,[],['害虫'],"['烯啶虫胺', '联苯菊酯', '噻虫嗪', '高效氯氟氰菊酯', '螺虫乙酯']"
38-3,[],['害虫'],"['烯啶虫胺', '联苯菊酯', '噻虫嗪', '高效氯氟氰菊酯', '螺虫乙酯']"
39-1,[],"['缺素证', '枯草芽孢杆菌']",['氨基酸']
39-2,[],"['根系发育不良', '枯草芽孢杆菌']",[]
39-3,[],"['缺素证', '枯草芽孢杆菌']",['氨基酸']
40-1,[],[],"['高效氯氟氰菊酯', '噻虫嗪', '联苯菊酯', '联苯菊酯', '噻虫嗪', '联苯菊酯']"
40-2,[],[],"['联苯菊酯', '烯啶虫胺', '噻虫嗪']"
40-3,[],[],"['高效氯氟氰菊酯', '噻虫嗪', '联苯菊酯', '联苯菊酯', '噻虫嗪', '联苯菊酯']"
41-1,[],['蚜虫'],"['烯啶虫胺', '联苯菊酯', '噻虫嗪', '乙基多杀菌素']"
41-2,[],"['蚜虫', '氟啶虫']","['有机硅', '苦参碱', '阿维菌素', '酰胺', '乙基多杀菌素', '杀虫环']"
41-3,[],['蚜虫'],"['烯啶虫胺', '联苯菊酯', '噻虫嗪', '乙基多杀菌素']"
42-1,[],['肥害'],['微生物菌剂']
42-2,[],[],['磷酸二氢钾']
42-3,[],['肥害'],['微生物菌剂']
43-1,[],[],['氨基酸二氢钾']
43-2,[],['用药不当'],"['氨基酸', '磷酸二氢钾', '碧护', '芸苔素内酯']"
43-3,[],[],['氨基酸二氢钾']
44-1,[],[],"['氨基酸二氢钾', '水溶肥']"
44-2,[],[],['＋磷酸二氢钾']
44-3,[],[],"['氨基酸二氢钾', '水溶肥']"
45-1,[],"['病毒病', '蚜虫', '白粉虱', '蓟马', '螨虫', '病毒病']","['盐酸', '宁南霉素', '乙酸铜', '阿维菌素']"
45-2,[],['病毒病'],"['宁南霉素', '菌毒清', '植病灵']"
45-3,[],"['病毒病', '蚜虫', '白粉虱', '蓟马', '螨虫', '病毒病']","['盐酸', '宁南霉素', '乙酸铜', '阿维菌素']"
46-1,['辣椒'],['紫斑病'],['钾肥']
46-2,[],['紫斑病'],['磷酸二氢钾']
46-3,['辣椒'],['紫斑病'],['钾肥']
47-1,[],[],['微生物菌剂']
48-1,[],['肥害'],['微生物菌剂']
49-1,[],['肥害'],['微生物菌剂']
49-2,[],['炭疽病'],[]
49-3,[],['肥害'],['微生物菌剂']
50-1,[],['肥害'],['微生物菌剂']
50-2,[],['茶黄螨'],"['哒螨灵', '哒螨灵', '螺螨酯', '乙螨唑', '四螨嗪', '联苯肼酯']"
50-3,[],['肥害'],['微生物菌剂']
51-1,[],[],"['碧护', '磷酸二氢钾', '氨基酸叶面肥']"
51-2,[],['用药不当'],"['氨基酸', '海藻酸叶面肥']"
51-3,[],[],"['碧护', '磷酸二氢钾', '氨基酸叶面肥']"
52-1,[],"['病毒病', '蓟马', '蚜虫', '刺吸式害虫', '缺水缺']","['宁南霉素', '盐酸吗啉胍', '氨基寡糖素']"
52-2,[],['病毒病'],[]
52-3,[],"['病毒病', '蓟马', '蚜虫', '刺吸式害虫', '缺水缺']","['宁南霉素', '盐酸吗啉胍', '氨基寡糖素']"
53-1,[],[],"['生物菌肥', '芸苔素内酯']"
53-2,[],[],"['碧护', '磷酸二氢钾', '氨基酸叶面肥']"
53-3,[],[],"['生物菌肥', '芸苔素内酯']"
54-1,['辣椒'],"['脐腐病', '缺钙']","['钾肥', '糖醇钙', '氨基酸']"
54-2,[],"['缺钙', '脐腐病']","['速乐硼', '螯合钙', '磷酸二氢钾']"
54-3,['辣椒'],"['脐腐病', '缺钙']","['钾肥', '糖醇钙', '氨基酸']"
55-1,[],"['蚜虫', '氟啶虫']",['吡蚜酮']
55-3,[],"['蚜虫', '氟啶虫']",['吡蚜酮']
56-1,[],['炭疽病'],"['苯醚甲环唑', '溴菌腈', '咪鲜胺', '啶氧菌酯']"
56-2,[],['高温灼伤'],"['生物菌肥', '氨基酸叶面肥']"
56-3,[],['炭疽病'],"['苯醚甲环唑', '溴菌腈', '咪鲜胺', '啶氧菌酯']"
57-2,[],['炭疽病'],"['阿砣', '苯醚甲环唑', '咪鲜胺锰盐', '腐霉利', '氟硅唑', '啶氧菌酯', '苯甲溴菌腈', '吡唑嘧菌酯', '联苯菊酯', '高效氯氟氰菊酯', '哒螨灵', '氯氰菊酯', '吡虫啉', '哒螨灵']"
57-3,[],['炭疽病'],"['苯醚甲环唑', '溴菌腈', '咪鲜胺', '啶氧菌酯']"
58-1,[],['施药不当'],['微生物菌剂']
58-2,[],['炭疽病'],"['阿砣', '苯醚甲环唑', '咪鲜胺锰盐', '腐霉利', '氟硅唑', '啶氧菌酯', '苯甲溴菌腈', '吡唑嘧菌酯']"
58-3,[],['施药不当'],['微生物菌剂']
59-3,[],[],['磷化钙']
60-1,[],['绵疫病'],[]
60-2,[],[],['微生物菌剂']
60-3,[],[],['微生物菌剂']
61-1,[],[],"['氨基酸', '螯合钙']"
61-2,[],"['缺硼', '缺硼', '缺硼']","['速乐硼', '速乐硼', '糖醇钙']"
61-3,[],"['缺硼', '缺硼', '缺硼']","['速乐硼', '速乐硼', '糖醇钙']"
62-1,[],[],"['氨基酸', '十芸苔素', '碧护']"
62-2,[],['肥害'],['微生物菌剂']
62-3,[],[],"['氨基酸', '十芸苔素', '碧护']"
63-1,[],['细菌性病害'],"['乙蒜素', '叶枯唑', '生菌素', '氯溴异氰尿酸', '春雷王铜', '春雷霉素', '可杀得', '春雷霉素', '喹啉铜']"
63-2,[],['炭疽病'],"['咪鲜胺', '异菌脲']"
63-3,[],['细菌性病害'],"['乙蒜素', '叶枯唑', '生菌素', '氯溴异氰尿酸', '春雷王铜', '春雷霉素', '可杀得', '春雷霉素', '喹啉铜']"
64-1,[],[],"['碧护', '磷酸二氢钾', '氨基酸叶面肥']"
64-2,['辣椒'],['疫病'],[]
64-3,[],[],"['碧护', '磷酸二氢钾', '氨基酸叶面肥']"
65-1,[],"['根腐病', '枯萎病', '枯草芽孢杆菌']","['恶霉灵', '络氨铜']"
65-2,['辣椒'],"['根腐病', '病毒病']","['杀菌剂', '乙蒜素', '甲基硫菌灵', '溴菌腈']"
65-3,[],"['根腐病', '枯萎病', '枯草芽孢杆菌']","['恶霉灵', '络氨铜']"
66-1,[],"['根系发育不良', '枯草芽孢杆菌']",[]
66-2,[],"['根系发育不良', '吸收障碍', '供应不足']","['生物菌肥', '磷酸二氢钾', '氨基酸叶面肥']"
66-3,[],"['根系发育不良', '枯草芽孢杆菌']",[]
67-1,[],['高温灼伤'],['微生物菌剂']
67-2,[],['高温干旱'],"['糖醇钙', '硫酸铜', '螯合钙']"
67-3,[],['高温灼伤'],['微生物菌剂']
68-1,[],['疫病'],"['霜霉威', '菌胺', '烯酰吗啉', '湿性粉剂']"
68-2,['辣椒'],['疫病'],"['锰锌', '烯酰吗啉', '锰锌', '乙铝', '霜霉威盐酸盐', '氰霜唑', '氟吗啉', '锰锌', '磷酸二氢钾', '腐植酸']"
68-3,[],['疫病'],"['霜霉威', '菌胺', '烯酰吗啉', '湿性粉剂']"
69-1,[],['猝倒病'],"['乙蒜素', '氯溴异氰尿酸', '霜霉威盐酸盐']"
69-2,[],"['猝倒病', '；病害表现']",[]
69-3,[],['猝倒病'],"['乙蒜素', '氯溴异氰尿酸', '霜霉威盐酸盐']"
70-1,[],['灼果'],"['氨基酸', '螯合钙']"
70-2,[],['灼果'],['磷钾肥']
70-3,[],['灼果'],"['氨基酸', '螯合钙']"
71-1,[],[],"['生物菌肥', '芸苔素内酯']"
71-2,[],['土壤板结'],['腐植酸类']
71-3,[],[],"['生物菌肥', '芸苔素内酯']"
72-1,[],['施药不当'],['微生物菌剂']
73-1,[],"['氮肥过量', '缺硼']",[]
73-2,[],"['氮肥过量', '缺硼']","['糖醇钙', '速乐硼', '氨基酸', '磷酸二氢钾', '碧护', '芸苔素']"
74-1,[],"['根系发育不良', '枯草芽孢杆菌']",[]
74-2,[],[],['黄腐酸']
75-1,[],[],"['脱肥', '生物菌肥', '芸苔素内酯']"
75-2,[],['枯草芽孢杆菌'],['氨基酸二氢钾']
76-1,[],['灼果'],"['碧护', '氨基酸']"
76-2,[],"['脐腐病', '缺钙']","['氨基酸', '糖醇钙', '碧护', '磷酸二氢钾']"
77-1,[],['肥害'],['微生物菌剂']
77-2,[],[],['碧护']
78-1,[],"['脐腐病', '缺钙']",['螯合钙']
78-2,[],"['脐腐病', '缺钙']","['钾肥', '糖醇钙', '氨基酸']"
79-1,[],['用药不当'],"['碧护', '芸苔素内酯']"
80-1,[],"['炭疽病', '病害表现']","['?异菌脲', '?丙森锌', '?多菌灵', '腈菌唑', '?戊唑醇', '?代森联', '?嘧菌酯']"
80-2,[],"['根系发育不良导致', '枯草芽孢杆菌']","['碧护', '磷酸二氢钾']"
81-1,['辣椒'],"['疫病', '；病害表现']","['霜脲锰锌', '甲霜灵', '锰锌', '百菌清', '霜霉威', '多菌合剂']"
81-2,[],['疫病危害'],['克露']
82-1,[],['疫病'],"['烯酰吗啉', '氟吗啉', '霜霉威盐酸盐', '霜脲锰锌', '锰锌', '氰霜唑']"
82-2,[],['疫病危害'],['克露']
83-1,[],['潜叶蛾'],"['阿维菌素', '氯虫苯甲酰胺', '酰胺', '酰胺']"
83-2,[],['美洲斑潜蝇'],"['联苯菊酯', '灭蝇胺']"
84-1,[],"['蚜虫', '氟啶虫']",['吡蚜酮']
84-2,[],"['蚜虫', '氟啶虫']","['有机硅', '苦参碱', '阿维菌素', '酰胺', '乙基多杀菌素', '杀虫环']"
85-1,[],[],['水溶肥']
85-2,[],"['供应不足', '着色不良']",['磷酸二氢钾']
86-1,[],['蓟马'],"['烯啶虫胺', '联苯菊酯', '噻虫嗪', '高效氯氟氰菊酯', '螺虫乙酯']"
86-2,[],['蓟马'],"['烯啶吡蚜酮', '吡虫啉', '高效氯氰菊酯', '吡虫啉', '吡蚜醚菊酯']"
87-1,[],"['根腐病', '枯草芽孢杆菌']",['恶霉灵']
87-2,[],"['根腐病', '枯草芽孢杆菌']",['恶霉灵']
88-1,[],['炭疽病'],"['苯醚甲环唑', '吡唑醚菌酯']"
88-2,[],['炭疽病'],"['苯醚甲环唑', '溴菌腈', '咪鲜胺', '啶氧菌酯']"
89-1,[],"['缺素证', '枯草芽孢杆菌']",['氨基酸']
89-2,[],[],"['缺微肥', '氨基酸二轻钾肥', '水溶肥']"
90-1,[],['枯草芽孢杆菌'],['氨基酸二氢钾']
90-2,[],[],"['碧护', '磷酸二氢钾', '氨基酸叶面肥']"
91-1,[],['枯草芽孢杆菌'],['氨基酸二氢钾']
91-2,[],[],"['生物菌肥', '芸苔素内酯']"
92-1,[],['用药不当'],['碧护']
92-2,[],[],['碧护']
92-3,[],['蓟马'],"['联苯菊酯', '吡蚜酮', '烯啶虫胺']"
93-1,[],[],"['氨基酸', '磷酸二氢钾', '生菌素']"
93-2,[],"['缺硼', '缺钙', '缺硼', '缺硼']","['速乐硼', '速乐硼', '糖醇钙']"
94-1,[],"['炭疽病', '氟菌']","['肟菌酯', '苯醚甲环唑', '吡唑醚菌酯', '肟菌戊唑醇', '咪鲜胺']"
94-2,[],"['根系发育不良', '枯草芽孢杆菌']",[]
95-1,['辣椒'],"['脐腐病', '缺钙', '生理性病害', '脐腐病']","['螯合钙', '氨基酸', '糖醇钙', '氨基酸叶面肥']"
95-2,['辣椒'],"['脐腐病', '缺钙']","['钾肥', '糖醇钙', '氨基酸']"
96-1,[],['肥害'],['微生物菌剂']
96-2,[],[],"['磷酸二氢钾', '芸苔素', '碧护']"
97-1,[],[],"['氨基酸', '十芸苔素', '碧护']"
97-2,[],['根系发育不良'],"['微生物菌剂', '甲壳素']"
98-1,[],"['缺钙', '脐腐病']","['速乐硼', '螯合钙', '磷酸二氢钾']"
98-2,['辣椒'],['疫病'],"['氰霜唑', '锰锌', '湿性粉剂']"
99-1,[],['脐腐病'],['合钙肥']
99-2,[],['脐腐病'],"['过磷酸', '氯化钙', '萘乙酸', '硝酸钙', '爱多收']"
100-1,[],['细菌性病害'],"['生菌素', '氢氧化铜', '喹啉铜', '春雷王铜']"
100-2,[],['肥害'],['微生物菌剂']
101-1,[],[],"['细菌性', '喹啉铜', '多抗霉素', '琥胶肥酸铜', '春雷霉素', '生菌素']"
101-2,[],[],['微生物菌剂']
102-1,[],['炭疽病'],"['异菌脲', '丙森锌', '腈菌唑', '戊唑醇', '代森联', '嘧菌酯']"
102-2,[],[],['微生物菌剂']
103-1,[],['炭疽病'],"['异菌脲', '丙森锌', '腈菌唑', '戊唑醇', '代森联', '嘧菌酯']"
103-2,[],[],"['氨基酸', '十芸苔素', '碧护']"
104-1,[],['蓟马'],"['螺虫乙酯', '烯啶虫胺', '噻虫嗪']"
104-2,[],['病毒病'],"['氨基酸', '十芸苔素', '碧护', '宁南霉素', '氨基寡糖素', '盐酸吗啉胍']"
105-1,[],"['土壤盐渍化', '枯草芽孢杆菌']","['腐植酸', '碧护', '磷酸二氢钾']"
105-2,[],['枯草芽孢杆菌'],"['海藻肥', '腐植酸', '磷酸二氢钾', '碧护']"
106-1,[],['霜霉病危害'],['克露']
106-2,[],['白粉病'],"['绿妃', '戊唑醇']"
107-1,[],[],"['碧护', '磷酸二氢钾']"
107-2,[],[],['微生物菌剂']
108-1,[],[],"['碧护', '芸苔素内酯']"
108-2,[],[],"['抑制剂', '微生物菌剂']"
109-1,[],[],"['烯啶虫胺', '阿维菌素']"
109-2,[],[],"['钾肥', '氨基酸']"
109-3,[],[],"['噻虫嗪', '乙螨唑', '叶面肥']"
110-1,[],['炭疽病'],"['苯醚甲环唑', '溴菌腈', '咪鲜胺', '啶氧菌酯']"
110-2,[],['炭疽病'],"['阿砣', '苯醚甲环唑', '咪鲜胺锰盐', '腐霉利', '氟硅唑', '啶氧菌酯', '苯甲溴菌腈', '吡唑嘧菌酯']"
111-1,[],[],['甲霜恶霉灵']
111-2,['辣椒'],"['疫霉', '根腐病']",['微生物菌剂']
112-2,[],"['根系发育不良', '病虫害']",[]
113-2,[],['肥害'],"['磷酸', '水溶肥']"
114-1,[],['肥害'],['微生物菌剂']
114-2,[],[],"['生物菌肥', '芸苔素内酯']"
115-1,[],[],"['碧护', '磷酸二氢钾', '氨基酸叶面肥']"
115-2,[],[],['氨基酸二氢钾']
116-1,[],[],['磷酸二氢钾烧']
117-2,[],['肥害'],['微生物菌剂']
118-1,[],['根系发育不良'],"['微生物菌剂', '甲壳素']"
119-1,[],"['脐腐病', '缺钙', '生理性病害', '脐腐病']",[]
119-3,[],"['脐腐病', '缺钙', '生理性病害', '脐腐病']",[]
120-1,[],['肥害'],['微生物菌剂']
120-2,[],[],['氨基酸二氢钾']
120-3,[],['肥害'],['微生物菌剂']
121-1,[],['用药不当'],[]
121-2,[],['肥害'],['微生物菌剂']
121-3,[],['肥害'],['微生物菌剂']
122-2,[],"['茎基腐病', '枯草芽孢杆菌']","['甲霜恶霉灵', '溴菌腈', '络氨铜', '霜霉威盐酸盐']"
122-3,[],"['茎基腐病', '枯草芽孢杆菌']","['甲霜恶霉灵', '溴菌腈', '络氨铜', '霜霉威盐酸盐']"
123-1,[],"['用药不当', '缺素']",['碧护']
123-2,[],['用药不当'],"['氨基酸', '十芸苔素', '碧护']"
123-3,[],"['用药不当', '缺素']",['碧护']
124-1,[],['肥害'],['微生物菌剂']
124-2,[],[],"['碧护', '磷酸二氢钾', '氨基酸叶面肥']"
124-3,[],['肥害'],['微生物菌剂']
125-1,[],['脐腐病'],['螯合钙']
125-2,[],"['脐腐病', '缺钙']","['钾肥', '糖醇钙', '氨基酸']"
125-3,[],['脐腐病'],['螯合钙']
126-1,[],"['生理性病害', '用药不当']","['磷酸二氢钾', '氨基酸叶面肥', '碧护']"
126-3,[],"['生理性病害', '用药不当']","['磷酸二氢钾', '氨基酸叶面肥', '碧护']"
127-1,[],[],"['联苯菊酯', '高效氯氟氰菊酯', '哒螨灵', '氯氰菊酯', '吡虫啉', '哒螨灵']"
127-2,[],['金龟子'],[]
127-3,[],[],"['联苯菊酯', '高效氯氟氰菊酯', '哒螨灵', '氯氰菊酯', '吡虫啉', '哒螨灵']"
128-1,[],"['脐腐病', '缺钙']",['螯合钙']
128-2,[],"['缺硼', '缺钙', '缺硼', '缺硼']","['速乐硼', '速乐硼', '糖醇钙']"
128-3,[],"['缺硼', '缺钙', '缺硼', '缺硼']","['速乐硼', '速乐硼', '糖醇钙']"
129-1,[],[],"['碧护', '磷酸二氢钾', '氨基酸叶面肥']"
129-2,[],[],"['生物菌肥', '芸苔素内酯']"
129-3,[],[],"['碧护', '磷酸二氢钾', '氨基酸叶面肥']"
130-1,[],[],['微生物菌剂']
130-2,[],['枯草芽孢杆菌'],"['恶霉灵', '氨基酸二氢钾', '氯溴异氰尿酸']"
130-3,[],[],['微生物菌剂']
131-1,[],['枯草芽孢杆菌'],"['生根剂', '氨基酸']"
131-2,[],['炭疽病'],"['苯醚甲环唑', '溴菌腈', '咪鲜胺', '啶氧菌酯']"
131-3,[],['枯草芽孢杆菌'],"['生根剂', '氨基酸']"
132-1,[],['枯草芽孢杆菌'],[]
132-2,[],['根系发育不良'],['微生物菌剂']
132-3,[],['根系发育不良'],['微生物菌剂']
133-1,['辣椒'],"['脐腐病', '缺钙']","['钾肥', '糖醇钙', '氨基酸']"
133-2,[],"['缺硼', '缺钙', '缺硼', '缺硼']","['速乐硼', '速乐硼', '糖醇钙']"
133-3,['辣椒'],"['脐腐病', '缺钙']","['钾肥', '糖醇钙', '氨基酸']"
134-1,[],['疫病'],"['烯酰吗啉', '氟吗啉', '霜霉威盐酸盐', '霜脲锰锌', '锰锌', '氰霜唑']"
134-2,[],['肥害'],['微生物菌剂']
134-3,[],['疫病'],"['烯酰吗啉', '氟吗啉', '霜霉威盐酸盐', '霜脲锰锌', '锰锌', '氰霜唑']"
135-1,[],"['枯萎病', '枯草芽孢杆菌']",['甲霜恶霉灵']
135-2,['辣椒'],['疫病'],"['氰霜唑', '锰锌', '湿性粉剂']"
135-3,['辣椒'],['疫病'],"['氰霜唑', '锰锌', '湿性粉剂']"
136-1,[],['疫病'],"['杀菌剂', '湿性粉剂', '代森锰锌', '湿性粉剂', '普力克', '雷多米尔', '湿性粉剂', '霜疫清', '湿性粉剂', '百菌清', '湿性粉剂', '甲霜灵', '湿性粉剂', '克露', '湿性粉剂', '肟菌酯', '锰锌', '湿性粉剂']"
136-2,[],['枯萎病'],"['噻菌铜', '辛菌胺醋酸盐', '福美双', '稻瘟灵']"
136-3,[],['疫病'],"['杀菌剂', '湿性粉剂', '代森锰锌', '湿性粉剂', '普力克', '雷多米尔', '湿性粉剂', '霜疫清', '湿性粉剂', '百菌清', '湿性粉剂', '甲霜灵', '湿性粉剂', '克露', '湿性粉剂', '肟菌酯', '锰锌', '湿性粉剂']"
137-1,[],[],"['细菌性', '喹啉铜', '多抗霉素', '琥胶肥酸铜', '春雷霉素', '生菌素']"
137-2,[],['肥害'],['微生物菌剂']
137-3,[],[],"['细菌性', '喹啉铜', '多抗霉素', '琥胶肥酸铜', '春雷霉素', '生菌素']"
138-1,[],"['病毒病', '抗病威', '病毒病', '病情严重']","['植病灵', '病毒立克']"
138-2,[],['紫斑病'],"['生物菌肥', '芸苔素内酯']"
138-3,[],"['病毒病', '抗病威', '病毒病', '病情严重']","['植病灵', '病毒立克']"
139-1,[],"['缺素证', '枯草芽孢杆菌']",['氨基酸']
139-2,[],[],"['生物菌肥', '芸苔素内酯']"
139-3,[],"['缺素证', '枯草芽孢杆菌']",['氨基酸']
140-1,[],['炭疽病'],"['异菌脲', '丙森锌', '腈菌唑', '戊唑醇', '代森联', '嘧菌酯']"
140-2,[],"['炭疽病', '氟菌']","['肟菌酯', '苯醚甲环唑', '吡唑醚菌酯', '肟菌戊唑醇', '咪鲜胺']"
140-3,[],['炭疽病'],"['异菌脲', '丙森锌', '腈菌唑', '戊唑醇', '代森联', '嘧菌酯']"
141-1,[],['用药不当'],['碧护']
141-2,[],[],"['磷酸二氢钾', '芸苔素']"
141-3,[],['蚜虫'],[]
142-1,[],"['根腐病', '枯草芽孢杆菌']",['甲霜恶霉灵']
142-2,[],[],['甲霜恶霉灵']
142-3,['辣椒'],['根腐病'],"['杀菌剂', '乙蒜素', '甲基硫菌灵', '溴菌腈', '微生物菌剂']"
143-1,['辣椒'],['禾本科杂草'],"['氟吡甲禾灵', '烯草酮']"
143-2,[],[],"['氟吡甲禾灵', '精喹禾灵']"
143-3,['辣椒'],['禾本科杂草'],"['氟吡甲禾灵', '烯草酮']"
144-1,[],['用药不当'],['碧护']
144-2,[],['用药不当'],"['磷酸二氢钾', '芸苔素', '碧护']"
144-3,[],['用药不当'],"['磷酸二氢钾', '芸苔素', '碧护']"
145-1,[],['枯草芽孢杆菌'],"['生根剂', '氨基酸']"
145-2,[],['用药不当'],['碧护']
145-3,[],['枯草芽孢杆菌'],"['生根剂', '氨基酸']"
146-1,['辣椒'],['疫病'],"['锰锌', '烯酰吗啉', '锰锌', '乙铝', '霜霉威盐酸盐', '氰霜唑', '氟吗啉', '锰锌', '磷酸二氢钾', '腐植酸']"
146-2,[],['疫病'],"['甲霜灵', '锰锌', '烯酰吗啉', '霜霉威盐酸盐', '克露', '霜疫清']"
146-3,['辣椒'],['疫病'],"['锰锌', '烯酰吗啉', '锰锌', '乙铝', '霜霉威盐酸盐', '氰霜唑', '氟吗啉', '锰锌', '磷酸二氢钾', '腐植酸']"
147-1,[],"['脐腐病', '缺钙']","['氨基酸', '螯合钙']"
147-2,[],"['脐腐病', '缺钙']","['钾肥', '糖醇钙', '氨基酸']"
147-3,[],"['脐腐病', '缺钙']","['氨基酸', '螯合钙']"
148-1,[],"['病毒病', '钝化病毒病']","['氨基寡糖素', '盐酸吗啉胍', '宁南霉素', '松脂酸铜', '烯啶吡蚜酮']"
148-2,[],['蓟马'],"['烯啶虫胺', '联苯菊酯', '噻虫嗪', '高效氯氟氰菊酯', '螺虫乙酯']"
148-3,[],"['病毒病', '钝化病毒病']","['氨基寡糖素', '盐酸吗啉胍', '宁南霉素', '松脂酸铜', '烯啶吡蚜酮']"
149-1,"['辣椒', '辣椒']",[],[]
150-1,[],[],"['氨基酸', '水溶肥', '腐植酸', '水溶肥', '甲壳素', '海藻酸', '磷酸二氢钾', '氨基酸叶面肥']"
151-2,[],['。炭疽病'],"['苯醚甲环唑', '溴菌腈', '咪鲜胺', '啶氧菌酯']"
152-1,"['辣椒', '辣椒']",[],[]
153-1,[],['枯萎病'],"['噻菌铜', '辛菌胺醋酸盐', '福美双', '稻瘟灵']"
153-2,[],"['枯萎病', '枯草芽孢杆菌']","['络氨铜', '甲霜灵', '乙蒜素', '腐植酸铜', '五氯硝基苯', '福美双']"
153-3,[],['枯萎病'],"['噻菌铜', '辛菌胺醋酸盐', '福美双', '稻瘟灵']"
154-1,[],['疫病'],"['杀菌剂', '湿性粉剂', '代森锰锌', '湿性粉剂', '普力克', '雷多米尔', '湿性粉剂', '霜疫清', '湿性粉剂', '百菌清', '湿性粉剂', '甲霜灵', '湿性粉剂', '克露', '湿性粉剂', '肟菌酯', '锰锌', '湿性粉剂']"
154-2,[],['疫病'],[]
154-3,[],['疫病'],"['杀菌剂', '湿性粉剂', '代森锰锌', '湿性粉剂', '普力克', '雷多米尔', '湿性粉剂', '霜疫清', '湿性粉剂', '百菌清', '湿性粉剂', '甲霜灵', '湿性粉剂', '克露', '湿性粉剂', '肟菌酯', '锰锌', '湿性粉剂']"
155-1,[],[],['微生物菌剂']
155-2,[],['疫病'],"['烯酰吗啉', '氟吗啉', '霜霉威盐酸盐', '霜脲锰锌', '锰锌', '氰霜唑']"
155-3,[],[],['微生物菌剂']
156-1,['辣椒'],['根腐病'],"['杀菌剂', '乙蒜素', '甲基硫菌灵', '溴菌腈']"
156-2,[],"['茎基腐病', '根腐病', '青枯病']",[]
156-3,['辣椒'],['根腐病'],"['杀菌剂', '乙蒜素', '甲基硫菌灵', '溴菌腈']"
157-1,[],[],['微生物菌剂']
157-2,[],['用药不当'],"['碧护', '芸苔素内酯']"
157-3,[],[],['微生物菌剂']
158-1,[],"['脐腐病', '缺钙']","['氨基酸', '螯合钙']"
158-2,['辣椒'],"['脐腐病', '缺钙']","['钾肥', '糖醇钙', '氨基酸']"
158-3,[],"['脐腐病', '缺钙']","['氨基酸', '螯合钙']"
159-1,[],[],"['水溶肥', '氨基酸二氢钾']"
159-2,[],[],"['碧护', '磷酸二氢钾', '氨基酸叶面肥']"
159-3,[],[],"['水溶肥', '氨基酸二氢钾']"
160-1,[],['用药不当'],"['磷酸二氢钾', '氨基酸叶面肥', '碧护']"
160-2,[],['高温灼伤'],['微生物菌剂']
160-3,[],['用药不当'],"['磷酸二氢钾', '氨基酸叶面肥', '碧护']"
161-1,[],['病毒'],"['辛菌马', '氨基寡糖素', '宁南霉素', '阿维菌素', '噻虫嗪', '螺虫乙酯', '联苯菊酯']"
161-2,[],['病毒病'],[]
161-3,[],['病毒'],"['辛菌马', '氨基寡糖素', '宁南霉素', '阿维菌素', '噻虫嗪', '螺虫乙酯', '联苯菊酯']"
162-1,[],['用药不当'],"['磷酸二氢钾', '氨基酸叶面肥', '碧护']"
162-2,[],['用药不当'],"['氨基酸', '磷酸二氢钾', '碧护', '芸苔素内酯']"
162-3,[],['用药不当'],"['磷酸二氢钾', '氨基酸叶面肥', '碧护']"
163-1,[],['用药不当'],['碧护']
163-2,[],['施药不当'],['微生物菌剂']
164-1,['辣椒'],['病毒病'],"['宁南霉素', '氨基寡糖素']"
164-2,[],['病毒病'],[]
164-3,['辣椒'],['病毒病'],"['宁南霉素', '氨基寡糖素']"
165-1,[],['晚疫病'],"['杀菌剂', '湿性粉剂', '代森锰锌', '湿性粉剂', '普力克', '雷多米尔', '湿性粉剂', '霜疫清', '湿性粉剂', '百菌清', '湿性粉剂', '甲霜灵', '湿性粉剂', '克露', '湿性粉剂', '肟菌酯', '锰锌', '湿性粉剂']"
165-2,[],['疫病'],"['霜霉威', '菌胺', '烯酰吗啉', '湿性粉剂']"
165-3,[],['晚疫病'],"['杀菌剂', '湿性粉剂', '代森锰锌', '湿性粉剂', '普力克', '雷多米尔', '湿性粉剂', '霜疫清', '湿性粉剂', '百菌清', '湿性粉剂', '甲霜灵', '湿性粉剂', '克露', '湿性粉剂', '肟菌酯', '锰锌', '湿性粉剂']"
166-1,[],"['高温气害', '根系不好']","['碧护', '氨基酸']"
166-2,[],['根系发育不良'],"['微生物菌剂', '甲壳素']"
166-3,[],"['高温气害', '根系不好']","['碧护', '氨基酸']"
167-1,[],[],"['氨基寡糖素', '宁南霉素']"
167-2,[],['蓟马'],"['烯啶虫胺', '联苯菊酯', '噻虫嗪', '高效氯氟氰菊酯', '螺虫乙酯']"
167-3,[],[],"['氨基寡糖素', '宁南霉素']"
168-1,[],"['脐腐病', '缺钙']","['氨基酸', '糖醇钙', '碧护', '磷酸二氢钾']"
168-2,[],['炭疽病'],"['苯醚甲环唑', '吡唑醚菌酯', '咪鲜胺']"
168-3,[],"['脐腐病', '缺钙']","['氨基酸', '糖醇钙', '碧护', '磷酸二氢钾']"
169-1,[],"['根系发育不良', '枯草芽孢杆菌']",[]
169-2,[],[],"['生物菌肥', '芸苔素内酯']"
169-3,[],"['根系发育不良', '枯草芽孢杆菌']",[]
170-1,[],"['蚜虫', '氟啶虫']","['噻嗪酮', '烯啶吡蚜酮', '螺虫乙酯', '噻虫嗪']"
170-2,[],"['蚜虫', '氟啶虫']",['吡蚜酮']
170-3,[],"['蚜虫', '氟啶虫']","['噻嗪酮', '烯啶吡蚜酮', '螺虫乙酯', '噻虫嗪']"
171-1,[],"['脐腐病', '缺钙']","['速乐硼', '螯合钙', '磷酸二氢钾']"
171-2,[],['疫病危害'],['克露']
171-3,[],"['脐腐病', '缺钙']","['速乐硼', '螯合钙', '磷酸二氢钾']"
172-1,[],['蓟马'],"['吡虫啉', '虫螨腈', '乙基多杀菌素', '吡虫啉', '噻虫嗪']"
172-2,[],['刺吸式害虫'],"['联苯菊酯', '烯啶虫胺', '噻虫嗪']"
172-3,[],['蓟马'],"['吡虫啉', '虫螨腈', '乙基多杀菌素', '吡虫啉', '噻虫嗪']"
173-1,[],[],"['碧护', '磷酸二氢钾', '氨基酸叶面肥']"
173-2,[],['用药不当'],"['磷酸二氢钾', '氨基酸叶面肥', '碧护']"
173-3,[],[],"['碧护', '磷酸二氢钾', '氨基酸叶面肥']"
174-1,[],"['根腐病', '枯草芽孢杆菌']","['恶霉灵', '氨基酸二氢钾']"
174-3,[],"['根腐病', '枯草芽孢杆菌']","['恶霉灵', '氨基酸二氢钾']"
175-1,[],[],"['联苯菊酯', '吡蚜酮', '烯啶虫胺']"
175-2,[],[],"['碧护', '磷酸二氢钾', '氨基酸叶面肥']"
175-3,[],[],"['联苯菊酯', '吡蚜酮', '烯啶虫胺']"
176-1,[],"['缺硼', '纹裂果']",['速乐硼']
176-2,[],"['缺硼', '缺钙', '缺硼', '缺硼']","['速乐硼', '速乐硼', '糖醇钙']"
176-3,[],"['缺硼', '纹裂果']",['速乐硼']
177-1,[],['疫病危害'],['克露']
177-2,['辣椒'],['疫病'],"['代森联', '甲霜灵', '湿性粉剂']"
177-3,[],['疫病危害'],['克露']
178-1,[],['白粉虱'],"['联苯菊酯', '吡蚜酮', '烯啶虫胺']"
178-2,[],"['白粉虱', '氟啶虫']","['有机硅', '苦参碱', '阿维菌素', '酰胺', '乙基多杀菌素', '杀虫环']"
178-3,[],['白粉虱'],"['联苯菊酯', '吡蚜酮', '烯啶虫胺']"
179-1,[],"['缺硼', '缺钙', '缺硼', '缺硼']","['速乐硼', '速乐硼', '糖醇钙']"
179-2,[],"['氮肥过量', '缺硼']","['糖醇钙', '速乐硼', '氨基酸', '磷酸二氢钾', '碧护', '芸苔素']"
179-3,[],"['缺硼', '缺钙', '缺硼', '缺硼']","['速乐硼', '速乐硼', '糖醇钙']"
180-1,[],[],"['偏施氮肥', '速乐硼', '螯合钙', '磷酸二氢钾']"
180-2,[],['虫害'],[]
180-3,[],[],"['偏施氮肥', '速乐硼', '螯合钙', '磷酸二氢钾']"
181-1,[],['夜蛾类'],"['?高效氯氟氰菊酯', '氟铃脲']"
181-3,[],['夜蛾类'],"['?高效氯氟氰菊酯', '氟铃脲']"
182-1,[],"['畸形果', '水肥不均', '缺乏硼']","['氮肥', '磷酸二氢钾', '速乐硼', '糖醇钙']"
182-2,['辣椒'],['疫病'],"['氰霜唑', '锰锌', '湿性粉剂']"
182-3,[],"['畸形果', '水肥不均', '缺乏硼']","['氮肥', '磷酸二氢钾', '速乐硼', '糖醇钙']"
183-1,[],"['土壤板结', '根系发育不良', '吸收障碍', '供应不足']","['生物菌肥', '磷酸二氢钾', '氨基酸叶面肥']"
183-2,[],"['土壤板结干旱', '枯草芽孢杆菌']","['水溶肥', '氨基酸二氢钾']"
183-3,[],"['土壤板结', '根系发育不良', '吸收障碍', '供应不足']","['生物菌肥', '磷酸二氢钾', '氨基酸叶面肥']"
184-1,[],['施药不当'],['微生物菌剂']
184-2,[],[],"['生物菌肥', '芸苔素内酯']"
184-3,[],['施药不当'],['微生物菌剂']
185-1,[],['枯草芽孢杆菌'],"['腐植酸', '碧护', '磷酸二氢钾']"
185-3,[],['枯草芽孢杆菌'],"['腐植酸', '碧护', '磷酸二氢钾']"
186-1,[],['根系吸收障碍'],"['甲基硫菌灵', '生菌素', '磷酸二氢钾']"
186-2,[],['缺肥'],['水溶肥']
186-3,[],['根系吸收障碍'],"['甲基硫菌灵', '生菌素', '磷酸二氢钾']"
187-1,[],[],['微生物菌剂']
187-2,[],[],"['生物菌肥', '芸苔素内酯']"
187-3,[],[],['微生物菌剂']
188-1,[],"['脐腐病', '缺钙']",['螯合钙']
188-3,[],['脐腐病'],"['过磷酸', '氯化钙', '萘乙酸', '硝酸钙', '爱多收']"
189-1,[],"['共应不均', '缺钙']",[]
189-2,[],['脐腐病'],['糖醇钙']
189-3,[],"['共应不均', '缺钙']",[]
190-1,[],['施药不当'],['微生物菌剂']
190-2,[],[],"['碧护', '磷酸二氢钾', '氨基酸叶面肥']"
190-3,[],['施药不当'],['微生物菌剂']
191-1,[],[],"['氨基寡糖素', '宁南霉素']"
191-2,[],[],"['碧护', '磷酸二氢钾', '氨基酸叶面肥']"
191-3,[],[],"['氨基寡糖素', '宁南霉素']"
192-1,[],[],"['四聚乙醛', '生石灰']"
192-2,[],['蜗牛危害'],"['四聚乙醛', '甲萘威']"
192-3,[],['蜗牛危害'],"['四聚乙醛', '甲萘威']"
193-1,[],['霜霉病'],"['烯酰吗啉', '霜霉威']"
193-2,[],['炭疽病'],"['异菌脲', '丙森锌', '腈菌唑', '戊唑醇', '代森联', '嘧菌酯']"
193-3,[],['炭疽病'],"['异菌脲', '丙森锌', '腈菌唑', '戊唑醇', '代森联', '嘧菌酯']"
194-1,[],"['缺硼', '缺钙', '缺硼', '缺硼']","['速乐硼', '速乐硼', '糖醇钙']"
194-2,[],[],"['缺微肥', '氨基酸二轻钾肥', '生根剂', '恶霉灵', '水溶肥']"
194-3,[],"['缺硼', '缺钙', '缺硼', '缺硼']","['速乐硼', '速乐硼', '糖醇钙']"
195-1,[],[],['氨基酸叶面肥']
195-3,[],[],['氨基酸叶面肥']
196-1,['辣椒'],['疫病'],"['锰锌', '烯酰吗啉', '锰锌', '乙铝', '霜霉威盐酸盐', '氰霜唑', '氟吗啉', '锰锌', '磷酸二氢钾', '腐植酸']"
196-2,[],"['疫病', '病害表现']","['霜霉威', '百菌清']"
196-3,['辣椒'],['疫病'],"['锰锌', '烯酰吗啉', '锰锌', '乙铝', '霜霉威盐酸盐', '氰霜唑', '氟吗啉', '锰锌', '磷酸二氢钾', '腐植酸']"
197-1,[],['高温干旱'],"['糖醇钙', '硫酸铜', '螯合钙']"
197-2,[],['灼果'],['合钙肥']
197-3,[],['高温干旱'],"['糖醇钙', '硫酸铜', '螯合钙']"
198-1,[],"['缺素证', '枯草芽孢杆菌']",['氨基酸']
198-2,['辣椒'],"['病毒病', '；病害表现']","['宁南霉素', '植病灵']"
198-3,[],"['缺素证', '枯草芽孢杆菌']",['氨基酸']
199-1,[],['辣椒白星病'],"['吡唑醚菌酯', '丙环唑', '络氨铜', '可杀得', '代森锌']"
199-2,[],['白星病'],"['苯醚甲环唑', '苯甲醚菌酯', '异菌脲', '戊唑醇', '氟硅唑', '吡唑醚菌酯']"
199-3,[],['辣椒白星病'],"['吡唑醚菌酯', '丙环唑', '络氨铜', '可杀得', '代森锌']"
200-1,[],"['根系不好', '枯草芽孢杆菌']",['氨基酸']
200-2,"['辣椒', '辣椒']","['叶病', '抗病能力', '。发病初期']","['甲基托布津', '湿性粉剂', '多菌灵', '湿性粉剂']"
200-3,[],"['根系不好', '枯草芽孢杆菌']",['氨基酸']
201-1,[],['白粉虱'],"['螺虫乙酯', '虫啉']"
201-2,[],"['氟啶虫', '氟啶虫']","['噻虫嗪', '烯啶虫胺', '啶虫咪', '酰胺', '螺虫乙酯']"
201-3,[],['白粉虱'],"['螺虫乙酯', '虫啉']"
202-1,[],['枯草芽孢杆菌'],"['恶霉灵', '甲基立枯磷', '生根剂', '恶霉灵', '甲霜灵']"
202-2,[],"['茎基腐病', '虫害']",[]
202-3,[],['枯草芽孢杆菌'],"['恶霉灵', '甲基立枯磷', '生根剂', '恶霉灵', '甲霜灵']"
203-1,[],"['炭疽病', '炭疽']","['咪鲜胺锰盐', '苯甲溴菌腈', '腐霉利', '溴菌腈', '啶氧菌酯', '吡唑醚菌酯']"
203-2,[],"['脐腐病', '缺钙']","['氨基酸', '螯合钙']"
203-3,[],"['炭疽病', '炭疽']","['咪鲜胺锰盐', '苯甲溴菌腈', '腐霉利', '溴菌腈', '啶氧菌酯', '吡唑醚菌酯']"
204-1,[],"['疫霉', '根腐病']","['代森联', '霜脲氰', '霜霉威', '烯酰', '嘧菌酯', '霜脲氰']"
204-2,[],"['：根腐病', '发病初期', '枯草芽孢杆菌']","['）多菌灵', '福美双', '乙蒜素', '生根剂', '恶霉灵', '乙蒜素', '生根剂', '生根剂', '咯菌腈', '生根剂']"
204-3,[],"['疫霉', '根腐病']","['代森联', '霜脲氰', '霜霉威', '烯酰', '嘧菌酯', '霜脲氰']"
205-1,[],"['根腐病', '枯草芽孢杆菌']","['络氨铜', '氯溴异氰尿酸', '甲霜恶霉灵', '咯菌腈', '生根剂', '磷酸二氢钾']"
205-2,[],"['根腐病', '枯草芽孢杆菌']","['甲霜灵', '恶霉灵', '络氨铜', '氨基酸']"
205-3,[],"['根腐病', '枯草芽孢杆菌']","['络氨铜', '氯溴异氰尿酸', '甲霜恶霉灵', '咯菌腈', '生根剂', '磷酸二氢钾']"
206-1,[],[],"['氨基酸', '海藻酸叶面肥']"
206-2,[],[],"['生物菌肥', '芸苔素内酯']"
206-3,[],[],"['氨基酸', '海藻酸叶面肥']"
207-1,[],['绵疫病'],"['双炔酰菌胺', '锰锌', '杀毒矾', '杀毒矾', '恶霜灵', '代森锰锌', '克露', '霜脲锰锌']"
207-2,[],['绵疫病'],"['锰锌', '烯酰吗啉', '锰锌', '乙铝', '霜霉威盐酸盐', '氰霜唑', '氟吗啉']"
207-3,[],['绵疫病'],"['双炔酰菌胺', '锰锌', '杀毒矾', '杀毒矾', '恶霜灵', '代森锰锌', '克露', '霜脲锰锌']"
208-1,[],"['土壤板结', '根系吸收障碍', '枯草芽孢杆菌']","['甲霜恶霉灵', '海藻酸', '磷酸二氢钾', '碧护']"
208-2,[],"['土壤板结', '枯草芽孢杆菌']","['腐植酸', '碧护', '芸苔素内酯']"
208-3,[],"['土壤板结', '根系吸收障碍', '枯草芽孢杆菌']","['甲霜恶霉灵', '海藻酸', '磷酸二氢钾', '碧护']"
209-2,[],['缺钙'],"['螯合钙', '糖醇钙']"
209-3,[],['缺钙'],"['螯合钙', '糖醇钙']"
210-1,[],"['脐腐病', '缺钙']","['氨基酸', '糖醇钙', '碧护', '磷酸二氢钾', '硼钙元素']"
210-2,[],"['缺硼', '缺钙', '缺硼', '缺硼']","['速乐硼', '速乐硼', '糖醇钙']"
210-3,[],"['脐腐病', '缺钙']","['氨基酸', '糖醇钙', '碧护', '磷酸二氢钾', '硼钙元素']"
211-1,['辣椒'],['疫病'],"['烯酰吗啉', '锰锌', '吡唑醚菌酯', '锰锌', '烯酰', '锰锌', '氰霜唑']"
211-2,[],['疫病'],"['氟吗啉', '锰锌', '吡唑醚菌酯', '霜霉威盐酸盐']"
211-3,['辣椒'],['疫病'],"['烯酰吗啉', '锰锌', '吡唑醚菌酯', '锰锌', '烯酰', '锰锌', '氰霜唑']"
212-1,[],['青枯病'],"['生菌素', '叶枯唑', '噻唑锌']"
212-2,[],['青枯病'],"['噻唑锌', '乙蒜素', '生菌素', '喹啉铜', '络氨铜']"
212-3,[],['青枯病'],"['生菌素', '叶枯唑', '噻唑锌']"
213-1,[],"['根腐病', '枯草芽孢杆菌']","['霜霉威', '王铜', '甲霜灵', '恶霉灵', '酸钠', '恶霉灵']"
214-1,[],['白星病'],"['肟菌戊唑醇', '氟硅唑', '苯甲丙环唑']"
214-2,[],"['炭疽病', '白星病']","['苯甲溴菌腈', '吡唑醚菌酯']"
215-1,[],"['炭疽病', '炭疽']","['咪鲜胺锰盐', '苯甲溴菌腈', '腐霉利', '溴菌腈', '啶氧菌酯', '吡唑醚菌酯']"
215-2,[],"['炭疽病', '氟菌']","['肟菌酯', '苯醚甲环唑', '吡唑醚菌酯', '肟菌戊唑醇', '咪鲜胺']"
216-1,[],['缺硼'],['钙元素']
216-2,[],['施药不当'],['碧护']
217-1,[],"['根腐病', '枯草芽孢杆菌']","['霜霉威', '王铜', '甲霜灵', '恶霉灵', '酸钠', '恶霉灵']"
217-2,[],"['根腐病', '枯草芽孢杆菌']",['甲霜恶霉灵']
218-1,[],['炭疽病'],"['苯醚甲环唑', '吡唑醚菌酯', '咪鲜胺']"
218-2,[],"['炭疽病', '氟菌']","['肟菌酯', '苯醚甲环唑', '吡唑醚菌酯', '肟菌戊唑醇', '咪鲜胺']"
219-1,[],"['缺素证', '枯草芽孢杆菌']",['氨基酸']
219-2,[],['芽孢杆菌'],"['氨基酸', '海藻酸']"
220-1,[],[],"['碧护', '磷酸二氢钾', '氨基酸叶面肥']"
220-2,[],['枯草芽孢杆菌'],['氨基酸二氢钾']
221-1,[],['蓟马'],"['螺虫乙酯', '烯啶虫胺', '噻虫嗪']"
221-2,[],['蓟马'],"['螺虫乙酯', '噻虫嗪', '酰胺']"
222-1,[],"['病毒病', '钝化病毒病']","['氨基寡糖素', '盐酸吗啉胍', '宁南霉素', '松脂酸铜', '烯啶吡蚜酮']"
222-2,[],['病毒病危害'],"['氨基寡糖素', '宁南霉素']"
223-1,[],[],"['碧护', '磷酸二氢钾', '氨基酸叶面肥']"
223-2,[],['疫病'],"['烯酰吗啉', '氟吗啉', '霜霉威盐酸盐', '霜脲锰锌', '锰锌', '氰霜唑']"
224-1,[],['施药不当'],['微生物菌剂']
224-2,[],[],"['碧护', '磷酸二氢钾', '氨基酸叶面肥']"
225-1,[],[],['调酸钙']
225-2,['辣椒'],[],"['调环酸', '叶绿素']"
227-1,[],"['病毒病', '蓟马', '蚜虫', '刺吸式害虫', '蓟马', '灰飞虱']","['宁南霉素', '氨基寡糖素', '盐酸吗啉胍', '吡蚜酮', '吡虫啉', '硫酸锌']"
227-2,[],"['病毒病', '病毒病', '蓟马', '蚜虫', '刺吸式害虫', '缺水缺']","['宁南霉素', '盐酸吗啉胍', '氨基寡糖素']"
228-1,[],['炭疽病'],"['肟菌戊唑醇', '氟硅唑', '苯甲丙环唑']"
228-2,['辣椒'],['炭疽病'],"['苯醚甲环唑', '咪鲜胺锰盐', '腐霉利', '氟硅唑', '啶氧菌酯', '吡唑嘧菌酯']"
229-1,[],[],"['碧护', '磷酸二氢钾', '氨基酸叶面肥']"
229-2,[],"['高温灼伤', '用药不当']","['生物菌肥', '氨基酸叶面肥']"
230-1,[],['疫病危害'],['克露']
230-2,[],['疫病'],"['甲霜灵', '锰锌', '烯酰吗啉', '霜霉威盐酸盐', '克露', '霜疫清']"
231-1,[],['疫病危害'],['克露']
232-1,[],[],['微生物菌剂']
232-2,[],['用药不当'],"['磷酸二氢钾', '氨基酸叶面肥', '碧护']"
232-3,[],[],['微生物菌剂']
233-1,[],[],"['水溶肥', '磷酸二氢钾', '氨基酸', '叶面肥', '碧护']"
233-3,[],[],"['水溶肥', '磷酸二氢钾', '氨基酸', '叶面肥', '碧护']"
234-1,[],"['缺素', '光合作用弱']","['水溶肥', '磷酸二氢钾', '氨基酸', '叶面肥']"
234-2,[],[],['水溶肥']
234-3,[],"['缺素', '光合作用弱']","['水溶肥', '磷酸二氢钾', '氨基酸', '叶面肥']"
235-1,['辣椒'],[],['调环酸钙']
235-2,[],[],"['调环酸', '叶绿素']"
235-3,['辣椒'],[],['调环酸钙']
236-1,[],[],['微生物菌剂']
236-2,[],[],['碧护']
236-3,[],[],['微生物菌剂']
237-1,[],[],"['氯虫苯甲酰胺', '氯氟氰菊酯']"
237-2,[],[],"['氯虫苯甲酰胺', '虫酰肼', '氟虫双酰胺', '茚虫威', '酰胺']"
237-3,[],[],"['氯虫苯甲酰胺', '虫酰肼', '氟虫双酰胺', '茚虫威', '酰胺']"
238-1,[],['供应不足'],['调环酸钙']
238-2,[],[],"['偏施氮肥', '速乐硼', '螯合钙', '磷酸二氢钾']"
238-3,[],['供应不足'],['调环酸钙']
239-1,[],['茎基腐病'],"['甲基立枯磷', '十恶霉灵']"
239-2,[],['根腐病'],[]
239-3,[],['茎基腐病'],"['甲基立枯磷', '十恶霉灵']"
240-1,[],['炭疽病'],"['苯醚甲环唑', '吡唑醚菌酯', '咪鲜胺', '溴菌腈']"
240-2,[],"['炭疽病', '发病初期']","['扑霉灵', '阿砣', '啶氧菌酯', '施保克']"
240-3,[],['炭疽病'],"['苯醚甲环唑', '吡唑醚菌酯', '咪鲜胺', '溴菌腈']"
241-1,[],['茶黄螨'],"['阿维菌素', '哒螨灵', '螺螨酯', '联苯肼酯']"
241-2,[],['螨虫'],"['四螨嗪', '阿维哒螨灵', '螺螨酯', '联苯肼酯', '乙螨唑']"
241-3,[],['茶黄螨'],"['阿维菌素', '哒螨灵', '螺螨酯', '联苯肼酯']"
242-1,[],[],"['阿维菌素', '噻唑磷', '杀虫剂']"
242-2,[],['：线虫'],"['伊维菌素', '噻唑磷', '苏云金杆菌', '甲壳素']"
242-3,[],[],"['阿维菌素', '噻唑磷', '杀虫剂']"
243-1,[],[],"['氨基酸', '碧护']"
243-2,[],[],[]
243-3,[],[],"['碧护', '芸苔素内酯', '氨基酸']"
244-1,['辣椒'],['霜霉病'],"['烯酰吗啉', '锰锌', '吡唑醚菌酯', '锰锌', '烯酰', '锰锌', '氰霜唑']"
244-2,[],['霜霉病'],"['甲霜灵', '锰锌', '烯酰吗啉']"
244-3,['辣椒'],['霜霉病'],"['烯酰吗啉', '锰锌', '吡唑醚菌酯', '锰锌', '烯酰', '锰锌', '氰霜唑']"
245-1,[],"['根系发育不良', '枯草芽孢杆菌']",[]
245-2,[],"['缺素证', '枯草芽孢杆菌']",['氨基酸']
245-3,[],"['根系发育不良', '枯草芽孢杆菌']",[]
246-1,[],"['病毒病', '蚜虫', '白粉虱', '蓟马', '螨虫', '病毒病']","['盐酸', '宁南霉素', '乙酸铜', '阿维菌素']"
246-2,[],['病毒病'],"['辛菌马', '氨基寡糖素', '宁南霉素', '阿维菌素', '噻虫嗪', '螺虫乙酯', '联苯菊酯']"
246-3,[],"['病毒病', '蚜虫', '白粉虱', '蓟马', '螨虫', '病毒病']","['盐酸', '宁南霉素', '乙酸铜', '阿维菌素']"
247-1,[],['蓟马'],"['螺虫乙酯', '烯啶虫胺', '噻虫嗪']"
247-2,[],['蓟马'],"['吡虫啉', '螺虫乙酯', '烯啶虫胺', '噻虫嗪']"
247-3,[],['蓟马'],"['螺虫乙酯', '烯啶虫胺', '噻虫嗪']"
248-1,[],['茶黄螨'],"['联苯菊酯', '炔螨特', '螺螨酯', '哒螨灵', '联苯肼酯']"
248-2,[],['施药不当'],['微生物菌剂']
248-3,[],['茶黄螨'],"['联苯菊酯', '炔螨特', '螺螨酯', '哒螨灵', '联苯肼酯']"
249-2,[],['茶黄螨'],"['阿维哒螨灵', '阿维螺螨酯', '螺螨酯', '乙螨唑', '联苯肼酯']"
249-3,[],['茶黄螨'],"['联苯菊酯', '炔螨特', '螺螨酯', '哒螨灵', '联苯肼酯']"
250-1,[],"['高温气害', '用药不当']","['氨基酸', '十芸苔素', '碧护']"
250-2,[],['气害'],[]
250-3,[],"['高温气害', '用药不当']","['氨基酸', '十芸苔素', '碧护']"
251-1,[],[],['微生物菌剂']
252-1,['辣椒'],['炭疽病'],"['苯醚甲环唑', '咪鲜胺']"
252-2,[],[],['微生物菌剂']
253-1,[],['肥害'],['微生物菌剂']
253-2,[],[],"['芸苔素', '碧护', '十二氢钾']"
254-1,[],"['脐腐病', '缺钙']",['螯合钙']
254-2,[],"['疫病', '脐腐病']",[]
256-2,[],[],"['氯虫苯甲酰胺', '虫酰肼', '氟虫双酰胺', '茚虫威', '酰胺']"
257-1,[],"['灰霉病', '菌核病']","['腐霉利', '异菌脲', '啶酰菌胺', '嘧菌环胺', '嘧霉胺']"
257-2,[],['菌核病'],[]
257-3,[],"['灰霉病', '菌核病']","['腐霉利', '异菌脲', '啶酰菌胺', '嘧菌环胺', '嘧霉胺']"
258-1,[],['高温灼伤'],['微生物菌剂']
258-3,[],['高温灼伤'],['微生物菌剂']
259-1,[],[],[]
259-2,[],[],['速乐硼']
259-3,[],"['畸形果', '水肥不均', '缺乏硼']","['氮肥', '磷酸二氢钾', '速乐硼', '糖醇钙']"
260-1,[],"['夜蛾类', '害虫']","['茚虫威', '苏云金杆菌', '氟啶脲']"
260-2,[],[],"['氯虫苯甲酰胺', '虫酰肼', '氟虫双酰胺', '茚虫威', '酰胺']"
260-3,[],"['夜蛾类', '害虫']","['茚虫威', '苏云金杆菌', '氟啶脲']"
261-1,[],['枯草芽孢杆菌'],"['生根剂', '氨基酸']"
261-2,[],[],"['氨基酸', '十芸苔素']"
261-3,[],['枯草芽孢杆菌'],"['生根剂', '氨基酸']"
262-1,[],['疫病'],"['烯酰吗啉', '霜霉威']"
262-2,[],['根系受损'],[]
262-3,[],['疫病'],"['烯酰吗啉', '霜霉威']"
263-1,[],['用药不当'],['碧护']
263-2,[],"['肥害', '炭疽病']",['微生物菌剂']
263-3,[],"['肥害', '炭疽病']",['微生物菌剂']
264-1,[],"['根系发育不良', '枯草芽孢杆菌']",[]
264-2,[],['白粉病'],['绿妃']
264-3,[],"['根系发育不良', '枯草芽孢杆菌']",[]
265-1,[],['根腐病'],['氨基酸叶面肥']
265-2,[],['枯草芽孢杆菌'],"['氨基酸', '磷酸二氢钾']"
265-3,[],['根腐病'],['氨基酸叶面肥']
266-1,[],['缺硼'],"['磷酸二氢钾', '速乐硼']"
266-2,[],['紫斑病'],['钾肥']
266-3,[],['缺硼'],"['磷酸二氢钾', '速乐硼']"
267-1,['辣椒'],['炭疽病'],"['苯醚甲环唑', '咪鲜胺锰盐', '腐霉利', '氟硅唑', '啶氧菌酯', '吡唑嘧菌酯']"
267-2,[],['炭疽病'],"['异菌脲', '丙森锌', '腈菌唑', '戊唑醇', '代森联', '嘧菌酯']"
267-3,['辣椒'],['炭疽病'],"['苯醚甲环唑', '咪鲜胺锰盐', '腐霉利', '氟硅唑', '啶氧菌酯', '吡唑嘧菌酯']"
268-1,[],['炭疽病'],['咪鲜胺']
268-2,[],['疫病'],"['烯酰吗啉', '氟吗啉', '霜霉威盐酸盐', '霜脲锰锌', '锰锌', '氰霜唑']"
268-3,[],['疫病'],"['烯酰吗啉', '氟吗啉', '霜霉威盐酸盐', '霜脲锰锌', '锰锌', '氰霜唑']"
269-1,[],"['炭疽病', '脐腐病']","['苯甲溴菌腈', '螯合钙']"
269-2,[],"['缺硼', '缺钙', '缺硼', '缺硼']","['速乐硼', '速乐硼', '糖醇钙']"
269-3,[],"['炭疽病', '脐腐病']","['苯甲溴菌腈', '螯合钙']"
270-1,[],['白粉虱'],"['阿维菌素', '烯啶虫胺', '吡蚜酮', '联苯菊酯']"
270-2,[],['白粉虱'],"['烯啶虫胺', '联苯菊酯', '噻虫嗪', '高效氯氟氰菊酯', '螺虫乙酯']"
270-3,[],['白粉虱'],"['阿维菌素', '烯啶虫胺', '吡蚜酮', '联苯菊酯']"
271-1,[],[],"['阿维菌素', '灭蝇胺']"
271-2,[],[],"['烯啶虫胺', '联苯菊酯', '噻虫嗪', '高效氯氟氰菊酯', '螺虫乙酯']"
271-3,[],[],"['烯啶虫胺', '联苯菊酯', '噻虫嗪', '高效氯氟氰菊酯', '螺虫乙酯']"
272-1,[],"['气害', '；病害表现', '灼伤受害']","['碧护', '磷酸二氢钾', '芸苔素内酯']"
272-2,[],['蓟马'],[]
272-3,[],"['气害', '；病害表现', '灼伤受害']","['碧护', '磷酸二氢钾', '芸苔素内酯']"
273-1,[],"['蓟马', '白粉虱']","['烯啶虫胺', '联苯菊酯', '噻虫嗪', '乙基多杀菌素']"
273-2,[],['病毒病'],"['宁南霉素', '氨基寡糖素', '盐酸吗啉胍']"
273-3,[],"['蓟马', '白粉虱']","['烯啶虫胺', '联苯菊酯', '噻虫嗪', '乙基多杀菌素']"
274-1,[],[],"['乙蒜素', '氯溴异氰尿酸', '春雷王铜', '氢氧化铜', '春雷霉素']"
274-2,[],[],"['乙蒜素', '可杀得', '噻唑锌']"
274-3,[],[],"['乙蒜素', '氯溴异氰尿酸', '春雷王铜', '氢氧化铜', '春雷霉素']"
275-1,[],[],"['氨基酸', '十芸苔素', '碧护']"
276-1,[],['细菌性病害'],"['生菌素', '氢氧化铜', '喹啉铜', '春雷王铜']"
276-2,[],['肥害'],['微生物菌剂']
277-1,[],"['畸形果', '缺硼', '畸形果', '激素过量', '畸形果', '少量畸形果']",[]
277-2,[],"['畸形果', '水肥不均', '缺乏硼']","['氮肥', '磷酸二氢钾', '速乐硼', '糖醇钙']"
278-1,[],[],"['碧护', '氨基酸']"
278-2,[],['肥害'],['微生物菌剂']
279-1,[],['枯草芽孢杆菌'],"['恶霉灵', '氨基酸二氢钾']"
279-2,[],['疫病'],"['烯酰吗啉', '氟吗啉', '霜霉威盐酸盐', '霜脲锰锌', '锰锌', '氰霜唑']"
280-1,[],"['根系发育不良', '枯草芽孢杆菌']",[]
281-1,[],['褐斑病'],"['苯醚甲环唑', '吡唑醚菌酯', '咪鲜胺', '戊唑醇']"
281-2,[],[],"['脱肥', '生物菌肥', '芸苔素内酯']"
282-1,[],['枯草芽孢杆菌'],"['碧护', '磷酸二氢钾']"
283-1,[],"['茎基腐病', '枯草芽孢杆菌']","['恶霉灵', '甲基立枯磷', '生根剂', '恶霉灵', '甲霜灵']"
284-1,[],[],['碧护']
284-2,[],"['病毒病', '病毒病', '蓟马', '蚜虫', '刺吸式害虫', '缺水缺']","['宁南霉素', '盐酸吗啉胍', '氨基寡糖素']"
285-1,['辣椒'],['疫病'],"['锰锌', '烯酰吗啉', '锰锌', '乙铝', '霜霉威盐酸盐', '氰霜唑', '氟吗啉', '锰锌', '磷酸二氢钾']"
285-3,['辣椒'],['疫病'],"['锰锌', '烯酰吗啉', '锰锌', '乙铝', '霜霉威盐酸盐', '氰霜唑', '氟吗啉', '锰锌', '磷酸二氢钾']"
286-1,[],['疫病'],"['烯酰吗啉', '霜霉威']"
286-2,[],['疫病危害'],['克露']
286-3,[],['疫病危害'],['克露']
287-1,[],[],['氨基酸二氢钾']
287-2,[],['用药不当'],['碧护']
287-3,[],[],['氨基酸二氢钾']
288-1,[],"['病毒病', '钝化病毒病']","['氨基寡糖素', '盐酸吗啉胍', '宁南霉素', '松脂酸铜', '烯啶吡蚜酮']"
288-2,[],"['病毒病', '蚜虫', '白粉虱', '蓟马', '螨虫', '病毒病']","['盐酸', '宁南霉素', '乙酸铜', '阿维菌素']"
288-3,[],"['病毒病', '钝化病毒病']","['氨基寡糖素', '盐酸吗啉胍', '宁南霉素', '松脂酸铜', '烯啶吡蚜酮']"
289-1,[],['霜霉病'],"['霜霉威盐酸盐', '氰霜唑', '锰锌', '锰锌', '烯酰', '嘧菌酯', '霜霉威', '锰锌']"
289-2,[],['霜霉病危害'],['克露']
289-3,[],['霜霉病'],"['霜霉威盐酸盐', '氰霜唑', '锰锌', '锰锌', '烯酰', '嘧菌酯', '霜霉威', '锰锌']"
290-1,[],[],['微生物菌剂']
290-2,[],['枯草芽孢杆菌'],['甲霜恶霉灵']
290-3,[],[],['微生物菌剂']
291-1,[],"['畸形果', '氮肥过量', '缺硼']","['钾肥', '钙元素', '钾肥', '碧护', '速乐硼', '鳌合钙']"
291-2,[],"['蓟马', '白粉虱']","['烯啶虫胺', '联苯菊酯', '噻虫嗪', '乙基多杀菌素']"
291-3,[],"['畸形果', '氮肥过量', '缺硼']","['钾肥', '钙元素', '钾肥', '碧护', '速乐硼', '鳌合钙']"
292-1,[],[],"['腐植酸', '平衡型水溶肥']"
292-2,[],"['根系发育不良导致', '枯草芽孢杆菌']","['碧护', '磷酸二氢钾']"
292-3,[],"['根系发育不良导致', '枯草芽孢杆菌']","['碧护', '磷酸二氢钾']"
293-2,[],[],"['碧护', '磷酸二氢钾', '氨基酸叶面肥']"
294-1,[],['疫病'],['烯酰吗啉']
294-2,[],['疫病'],"['普力克', '可杀得', '霜灵', '克露', '杀毒矾', '霜灵']"
294-3,[],['疫病'],"['普力克', '可杀得', '霜灵', '克露', '杀毒矾', '霜灵']"
295-1,[],"['缺硼', '缺钙']","['磷酸二氢钾', '氨基酸', '叶面肥']"
295-2,[],['缺硼'],"['钙元素', '碧护', '速乐硼', '鳌合钙']"
295-3,[],"['缺硼', '缺钙']","['磷酸二氢钾', '氨基酸', '叶面肥']"
296-1,[],['疫病'],"['烯酰吗啉', '氟吗啉', '霜霉威盐酸盐', '霜脲锰锌', '锰锌', '氰霜唑']"
296-2,[],"['炭疽病', '疫病', '枯草芽孢杆菌']","['苯醚甲环唑', '烯酰吗啉']"
296-3,[],['疫病'],"['烯酰吗啉', '氟吗啉', '霜霉威盐酸盐', '霜脲锰锌', '锰锌', '氰霜唑']"
297-1,[],"['缺素证', '枯草芽孢杆菌']",['氨基酸']
297-2,[],['枯草芽孢杆菌'],"['腐植酸', '碧护', '磷酸二氢钾']"
297-3,[],"['缺素证', '枯草芽孢杆菌']",['氨基酸']
298-1,[],[],"['氨基寡糖素', '宁南霉素']"
298-2,[],['病毒病'],[]
298-3,[],[],"['氨基寡糖素', '宁南霉素']"
299-1,['辣椒'],"['脐腐病', '缺钙']","['钾肥', '糖醇钙', '氨基酸']"
299-2,[],"['缺硼', '缺钙', '缺硼', '缺硼']","['速乐硼', '速乐硼', '糖醇钙']"
299-3,['辣椒'],"['脐腐病', '缺钙']","['钾肥', '糖醇钙', '氨基酸']"
300-1,['辣椒'],['根腐病'],"['杀菌剂', '乙蒜素', '甲基硫菌灵', '溴菌腈']"
300-2,[],"['根腐病', '枯草芽孢杆菌']",['恶霉灵']
300-3,['辣椒'],['根腐病'],"['杀菌剂', '乙蒜素', '甲基硫菌灵', '溴菌腈']"
301-1,[],['高温灼伤'],['碧护']
301-2,[],[],"['氨基酸', '十芸苔素', '碧护']"
301-3,[],['高温灼伤'],['碧护']
302-1,[],['禾本科杂草'],"['氟吡甲禾灵', '烯草酮']"
302-2,[],[],"['精喹禾灵', '高效氯吡甲禾灵']"
302-3,[],['禾本科杂草'],"['氟吡甲禾灵', '烯草酮']"
303-1,['辣椒'],"['脐腐病', '缺钙']","['钾肥', '糖醇钙', '氨基酸']"
303-2,[],"['脐腐病', '缺钙']","['氨基酸', '糖醇钙', '碧护', '磷酸二氢钾']"
303-3,['辣椒'],"['脐腐病', '缺钙']","['钾肥', '糖醇钙', '氨基酸']"
304-1,[],[],"['碧护', '磷酸二氢钾', '氨基酸叶面肥']"
304-2,[],['用药不当'],"['碧护', '芸苔素内酯']"
304-3,[],[],"['碧护', '磷酸二氢钾', '氨基酸叶面肥']"
305-1,[],['疫病'],"['霜霉威', '菌胺', '烯酰吗啉', '湿性粉剂']"
305-2,[],"['脐腐病', '缺钙']",['螯合钙']
305-3,[],['疫病'],"['霜霉威', '菌胺', '烯酰吗啉', '湿性粉剂']"
306-1,[],['根腐病'],"['恶霉灵', '喹啉铜', '有机肥']"
306-2,['辣椒'],['根腐病'],"['杀菌剂', '乙蒜素', '甲基硫菌灵', '溴菌腈']"
306-3,[],['根腐病'],"['恶霉灵', '喹啉铜', '有机肥']"
307-1,[],"['炭疽病', '炭疽']","['咪鲜胺锰盐', '苯甲溴菌腈', '腐霉利', '溴菌腈', '啶氧菌酯', '吡唑醚菌酯']"
307-2,[],['炭疽病'],"['苯醚甲环唑', '吡唑醚菌酯', '阿砣', '啶氧菌酯', '戊唑醇', '百菌清']"
307-3,[],"['炭疽病', '炭疽']","['咪鲜胺锰盐', '苯甲溴菌腈', '腐霉利', '溴菌腈', '啶氧菌酯', '吡唑醚菌酯']"
308-1,[],['疫病'],"['霜霉威', '菌胺', '烯酰吗啉', '湿性粉剂']"
308-2,[],['疫病'],"['杀菌剂', '湿性粉剂', '代森锰锌', '湿性粉剂', '普力克', '雷多米尔', '湿性粉剂', '霜疫清', '湿性粉剂', '百菌清', '湿性粉剂', '甲霜灵', '湿性粉剂', '克露', '湿性粉剂', '肟菌酯', '锰锌', '湿性粉剂']"
308-3,[],['疫病'],"['霜霉威', '菌胺', '烯酰吗啉', '湿性粉剂']"
309-1,[],['病毒病'],"['宁南霉素', '氨基寡糖素']"
309-2,[],"['病毒病', '钝化病毒病']","['氨基寡糖素', '盐酸吗啉胍', '宁南霉素', '松脂酸铜', '烯啶吡蚜酮']"
309-3,[],['病毒病'],"['宁南霉素', '氨基寡糖素']"
310-1,[],['炭疽病'],"['异菌脲', '丙森锌', '腈菌唑', '戊唑醇', '代森联', '嘧菌酯']"
310-2,[],['炭疽病'],"['苯醚甲环唑', '溴菌腈', '咪鲜胺', '啶氧菌酯']"
310-3,[],['炭疽病'],"['异菌脲', '丙森锌', '腈菌唑', '戊唑醇', '代森联', '嘧菌酯']"
311-1,[],"['脐腐病', '缺钙', '缺硼']","['偏施氮肥', '螯合钙', '速乐硼', '碧护']"
311-2,['辣椒'],"['脐腐病', '缺钙', '生理性病害', '脐腐病']","['螯合钙', '氨基酸', '糖醇钙', '氨基酸叶面肥']"
311-3,[],"['脐腐病', '缺钙', '缺硼']","['偏施氮肥', '螯合钙', '速乐硼', '碧护']"
312-1,[],"['疫病危害', '白粉虱']","['克露', '联苯菊酯', '烯啶吡蚜酮']"
312-2,[],['疫病'],"['烯酰吗啉', '霜霉威']"
312-3,[],"['疫病危害', '白粉虱']","['克露', '联苯菊酯', '烯啶吡蚜酮']"
313-1,[],[],"['碧护', '磷酸二氢钾', '氨基酸叶面肥']"
313-2,[],"['病毒病', '钝化病毒病']","['氨基寡糖素', '盐酸吗啉胍', '宁南霉素', '松脂酸铜', '烯啶吡蚜酮']"
313-3,[],[],"['碧护', '磷酸二氢钾', '氨基酸叶面肥']"
314-1,[],[],['无机铜制剂']
315-1,[],['缺钙'],['氮肥']
315-2,[],"['病毒病', '钝化病毒病']","['氨基寡糖素', '盐酸吗啉胍', '宁南霉素', '松脂酸铜', '烯啶吡蚜酮']"
317-1,[],[],['碧护']
317-2,[],[],"['碧护', '磷酸二氢钾', '氨基酸叶面肥']"
318-1,[],['煤污病'],[]
318-2,[],"['白粉虱', '白粉虱']","['螺虫乙酯', '吡蚜酮', '噻嗪酮', '吡虫啉', '噻嗪酮']"
319-1,[],['疫病'],"['霜霉威', '菌胺', '烯酰吗啉', '湿性粉剂']"
319-2,[],['疫病'],"['甲霜灵', '锰锌', '烯酰吗啉', '霜霉威盐酸盐', '克露', '霜疫清']"
320-1,[],['病毒病'],"['宁南霉素', '氨基寡糖素', '盐酸吗啉胍']"
320-2,[],['病毒病'],[]
321-1,[],"['脐腐病', '缺钙']","['氨基酸', '螯合钙']"
321-2,['辣椒'],"['脐腐病', '缺钙', '生理性病害', '脐腐病']","['螯合钙', '氨基酸', '糖醇钙', '氨基酸叶面肥']"
322-1,[],['用药不当'],"['氨基酸', '十芸苔素', '碧护']"
322-2,[],['用药不当'],"['磷酸二氢钾', '氨基酸叶面肥', '碧护']"
323-1,[],['疫病'],"['甲霜灵', '锰锌', '烯酰吗啉', '霜霉威盐酸盐', '克露', '霜疫清']"
323-2,[],['疫病危害'],['克露']
324-1,[],['枯草芽孢杆菌'],"['腐植酸', '碧护', '磷酸二氢钾']"
324-2,[],['病毒病'],"['宁南霉素', '氨基寡糖素', '盐酸吗啉胍']"
325-1,[],['脐腐病'],['合钙肥']
325-2,['辣椒'],"['脐腐病', '缺钙', '生理性病害', '脐腐病']","['螯合钙', '氨基酸', '糖醇钙', '氨基酸叶面肥']"
326-1,[],['炭疽病'],"['苯醚甲环唑', '吡唑醚菌酯', '咪鲜胺', '溴菌腈']"
327-1,[],['叶斑病'],"['戊唑醇', '嘧菌酯', '苯醚甲环唑']"
327-2,[],['叶斑病'],"['苯醚甲环唑', '戊唑醇', '氟硅唑', '吡唑醚菌酯']"
327-3,[],['叶斑病'],"['戊唑醇', '嘧菌酯', '苯醚甲环唑']"
328-1,[],[],"['碧护', '磷酸二氢钾', '氨基酸叶面肥']"
328-2,[],[],"['细菌性', '喹啉铜', '多抗霉素', '琥胶肥酸铜', '春雷霉素', '生菌素']"
328-3,[],[],"['碧护', '磷酸二氢钾', '氨基酸叶面肥']"
329-1,[],['肥害'],['碧护']
329-2,[],"['生理性病害', '枯草芽孢杆菌']","['磷酸二氢钾', '芸苔素', '碧护']"
329-3,[],['肥害'],['碧护']
330-1,[],"['氮肥过量', '缺硼']","['钾肥', '钙元素', '钾肥', '碧护', '速乐硼', '鳌合钙']"
330-2,[],['畸形果'],['高钾型水溶肥']
330-3,[],"['氮肥过量', '缺硼']","['钾肥', '钙元素', '钾肥', '碧护', '速乐硼', '鳌合钙']"
331-1,[],['疫病'],"['霜霉威', '菌胺', '烯酰吗啉', '湿性粉剂']"
331-2,[],['疫病'],"['烯酰吗啉', '霜霉威']"
331-3,[],['疫病'],"['霜霉威', '菌胺', '烯酰吗啉', '湿性粉剂']"
332-1,[],"['缺硼', '缺钙', '缺硼', '缺硼']","['速乐硼', '速乐硼', '糖醇钙']"
332-2,[],"['脐腐病', '缺钙']","['氨基酸', '糖醇钙', '碧护', '磷酸二氢钾']"
332-3,[],"['缺硼', '缺钙', '缺硼', '缺硼']","['速乐硼', '速乐硼', '糖醇钙']"
333-1,[],"['炭疽病', '氟菌']","['肟菌酯', '苯醚甲环唑', '吡唑醚菌酯', '肟菌戊唑醇', '咪鲜胺']"
333-2,[],['霜霉病'],"['霜霉威', '菌胺', '烯酰吗啉', '湿性粉剂']"
333-3,[],"['炭疽病', '氟菌']","['肟菌酯', '苯醚甲环唑', '吡唑醚菌酯', '肟菌戊唑醇', '咪鲜胺']"
334-1,['辣椒'],['炭疽病'],"['苯醚甲环唑', '溴菌腈', '咪鲜胺', '啶氧菌酯']"
334-2,[],"['炭疽病', '氟菌']","['肟菌酯', '苯醚甲环唑', '吡唑醚菌酯', '肟菌戊唑醇', '咪鲜胺']"
334-3,['辣椒'],['炭疽病'],"['苯醚甲环唑', '溴菌腈', '咪鲜胺', '啶氧菌酯']"
335-1,[],['炭疽病'],"['咪鲜胺', '异菌脲']"
335-2,[],['炭疽病'],"['异菌脲', '丙森锌', '腈菌唑', '戊唑醇', '代森联', '嘧菌酯']"
336-1,[],"['茎基腐病', '枯草芽孢杆菌']","['王铜', '?甲霜灵', '?恶霉灵', '精甲霜灵', '咯菌腈', '?福美双']"
336-2,[],['茎基腐病'],[]
336-3,[],"['茎基腐病', '枯草芽孢杆菌']","['王铜', '?甲霜灵', '?恶霉灵', '精甲霜灵', '咯菌腈', '?福美双']"
337-1,[],[],"['碧护', '磷酸二氢钾', '氨基酸叶面肥']"
337-2,[],['用药不当'],['碧护']
337-3,[],[],"['碧护', '磷酸二氢钾', '氨基酸叶面肥']"
338-1,[],['炭疽病'],"['苯醚甲环唑', '溴菌腈', '咪鲜胺', '啶氧菌酯']"
338-2,[],"['根系发育不良', '枯草芽孢杆菌']",[]
338-3,[],['炭疽病'],"['苯醚甲环唑', '溴菌腈', '咪鲜胺', '啶氧菌酯']"
339-1,[],"['土壤盐渍化', '积累中毒']","['叶缘', '黄腐酸']"
339-2,[],['细菌性病害'],"['苯甲嘧菌酯', '生菌素', '磷酸二氢钾', '氨基酸', '叶面肥']"
339-3,[],"['土壤盐渍化', '积累中毒']","['叶缘', '黄腐酸']"
340-1,[],"['脐腐病', '缺钙']","['氨基酸', '糖醇钙', '碧护', '磷酸二氢钾']"
340-2,['番茄'],"['脐腐病', '；病害表现', '缺钙']","['氯化钙', '磷酸钙']"
340-3,[],"['脐腐病', '缺钙']","['氨基酸', '糖醇钙', '碧护', '磷酸二氢钾']"
341-1,[],['青枯病'],"['噻唑锌', '乙蒜素', '生菌素', '喹啉铜', '络氨铜']"
341-2,[],['根腐病'],"['杀菌剂', '乙蒜素', '甲基硫菌灵', '溴菌腈']"
341-3,[],['青枯病'],"['噻唑锌', '乙蒜素', '生菌素', '喹啉铜', '络氨铜']"
342-1,[],"['根系发育不良导致', '枯草芽孢杆菌']","['碧护', '磷酸二氢钾']"
342-2,[],['施药不当'],['碧护']
342-3,[],"['根系发育不良导致', '枯草芽孢杆菌']","['碧护', '磷酸二氢钾']"
343-1,[],['病毒病'],"['宁南霉素', '盐酸吗啉胍', '氨基寡糖素']"
343-2,[],['病毒病'],"['宁南霉素', '氨基寡糖素']"
343-3,[],['病毒病'],"['宁南霉素', '盐酸吗啉胍', '氨基寡糖素']"
344-1,[],['细菌性疮痂'],"['生菌素', '氢氧化铜', '喹啉铜', '春雷王铜']"
344-2,[],"['炭疽病', '土壤盐渍化', '积累中毒']","['苯醚甲环唑', '溴菌腈', '咪鲜胺', '啶氧菌酯', '叶缘', '黄腐酸']"
344-3,[],['细菌性疮痂'],"['生菌素', '氢氧化铜', '喹啉铜', '春雷王铜']"
345-1,[],"['炭疽病', '氟菌']","['肟菌酯', '苯醚甲环唑', '吡唑醚菌酯', '肟菌戊唑醇', '咪鲜胺']"
345-2,[],[],['碧护']
345-3,[],"['炭疽病', '氟菌']","['肟菌酯', '苯醚甲环唑', '吡唑醚菌酯', '肟菌戊唑醇', '咪鲜胺']"
346-1,[],"['疫霉', '茎基腐病']","['氰霜唑', '锰锌', '湿性粉剂']"
346-2,[],"['茎基腐病', '枯草芽孢杆菌']","['霜霉威', '王铜', '甲霜灵', '恶霉灵', '酸钠', '恶霉灵']"
346-3,[],"['疫霉', '茎基腐病']","['氰霜唑', '锰锌', '湿性粉剂']"
347-1,[],['施药不当'],['碧护']
347-2,[],['枯草芽孢杆菌'],"['氨基酸', '磷酸二氢钾']"
347-3,[],['施药不当'],['碧护']
348-1,[],[],['碧护']
348-2,[],[],"['碧护', '磷酸二氢钾', '氨基酸叶面肥']"
349-1,[],['施药不当'],['碧护']
349-3,[],['施药不当'],['碧护']
350-1,[],['施药不当'],['碧护']
350-2,[],"['病毒病', '钝化病毒病']","['氨基寡糖素', '盐酸吗啉胍', '宁南霉素', '松脂酸铜', '烯啶吡蚜酮']"
350-3,[],['施药不当'],['碧护']
351-1,[],['根腐病'],"['杀菌剂', '乙蒜素', '甲基硫菌灵', '溴菌腈']"
351-2,[],"['根腐病', '枯草芽孢杆菌']","['霜灵', '咯菌腈', '甲霜恶霉灵', '络氨铜', '硫酸铜钙']"
351-3,[],['根腐病'],"['杀菌剂', '乙蒜素', '甲基硫菌灵', '溴菌腈']"
352-1,[],['螨虫'],"['四螨嗪', '阿维哒螨灵', '螺螨酯', '联苯肼酯', '乙螨唑']"
352-2,[],['茶黄螨'],"['哒螨灵', '联苯肼酯']"
352-3,[],['螨虫'],"['四螨嗪', '阿维哒螨灵', '螺螨酯', '联苯肼酯', '乙螨唑']"
353-1,[],['青枯病'],"['氢氧化铜', '叶枯唑', '络氨铜', '生菌素', '噻菌铜', '噻唑锌', '王铜']"
353-2,[],['青枯病'],"['杀菌剂', '噻唑锌', '乙蒜素', '氯溴异氰尿酸']"
353-3,[],['青枯病'],"['氢氧化铜', '叶枯唑', '络氨铜', '生菌素', '噻菌铜', '噻唑锌', '王铜']"
354-1,[],['疫病'],"['甲霜灵', '锰锌', '烯酰吗啉', '霜霉威盐酸盐', '克露', '霜疫清']"
354-2,[],[],['碧护']
354-3,[],['疫病'],"['甲霜灵', '锰锌', '烯酰吗啉', '霜霉威盐酸盐', '克露', '霜疫清']"
355-1,[],['肥害'],['碧护']
355-2,[],['炭疽病'],"['肟菌戊唑醇', '氟硅唑', '苯甲丙环唑']"
355-3,[],['炭疽病'],"['肟菌戊唑醇', '氟硅唑', '苯甲丙环唑']"
356-1,[],['蓟马'],"['烯啶虫胺', '联苯菊酯', '噻虫嗪', '高效氯氟氰菊酯', '螺虫乙酯']"
356-2,[],['茶黄螨'],"['哒螨灵', '联苯肼酯']"
356-3,[],['蓟马'],"['烯啶虫胺', '联苯菊酯', '噻虫嗪', '高效氯氟氰菊酯', '螺虫乙酯']"
357-1,[],['施药不当'],['碧护']
357-2,[],[],"['碧护', '磷酸二氢钾', '氨基酸叶面肥']"
357-3,[],['施药不当'],['碧护']
358-1,[],[],['调环酸钙']
358-3,[],[],['调环酸钙']
359-1,[],"['根腐病', '芽孢杆菌']",[]
359-2,[],['青枯病'],"['喹啉铜', '叶枯唑', '乙蒜素', '嘧霉胺', '王铜', '噻菌铜', '春雷霉素', '喹啉铜']"
359-3,[],"['根腐病', '芽孢杆菌']",[]
360-1,['辣椒'],"['根腐病', '芽孢杆菌']",[]
360-2,[],['青枯病'],"['喹啉铜', '叶枯唑', '乙蒜素', '嘧霉胺', '王铜', '噻菌铜', '春雷霉素', '喹啉铜']"
360-3,['辣椒'],"['根腐病', '芽孢杆菌']",[]
361-1,[],['脐腐病'],['螯合钙']
362-1,[],['炭疽病'],['咪鲜胺']
362-2,[],[],"['生物菌肥', '芸苔素内酯']"
363-1,[],['炭疽病'],"['咪鲜胺', '异菌脲']"
363-2,[],['炭疽病'],"['苯醚甲环唑', '吡唑醚菌酯', '阿砣', '啶氧菌酯', '戊唑醇', '百菌清']"
364-2,[],['用药不当'],['碧护']
364-3,[],[],['＋磷酸二氢钾']
365-1,[],"['病毒病', '炭疽病']",['苯甲溴菌腈']
365-2,[],"['病毒病', '钝化病毒病']","['氨基寡糖素', '盐酸吗啉胍', '宁南霉素', '松脂酸铜', '烯啶吡蚜酮']"
365-3,[],"['病毒病', '炭疽病']",['苯甲溴菌腈']
366-1,[],"['高温灼伤', '用药不当']","['生物菌肥', '氨基酸叶面肥']"
366-2,[],['用药不当'],"['氨基酸', '磷酸二氢钾', '碧护', '芸苔素内酯']"
367-1,[],['缺硼'],"['速乐硼', '螯合钙']"
367-2,[],['疫病'],"['霜霉威', '菌胺', '烯酰吗啉', '湿性粉剂']"
368-1,[],['缺硼'],"['速乐硼', '螯合钙']"
368-2,['辣椒'],"['脐腐病', '缺钙']","['钾肥', '糖醇钙', '氨基酸']"
369-1,[],"['根腐病', '茎基腐病', '枯草芽孢杆菌']",['恶霉灵']
369-2,['辣椒'],['根腐病'],"['杀菌剂', '乙蒜素', '甲基硫菌灵', '溴菌腈', '碧护']"
370-1,[],"['气害', '；病害表现', '灼伤受害']","['碧护', '磷酸二氢钾', '芸苔素内酯']"
370-2,[],[],"['碧护', '磷酸二氢钾', '氨基酸叶面肥']"
371-1,[],['炭疽病'],['咪鲜胺']
371-2,[],['炭疽病'],"['苯醚甲环唑', '溴菌腈', '咪鲜胺', '啶氧菌酯']"
372-1,[],[],['调环酸钙']
372-2,[],"['氮肥过量', '磷钾肥不足']",['矮壮素']
373-1,[],"['根系发育不良导致', '枯草芽孢杆菌']","['碧护', '磷酸二氢钾']"
373-2,[],"['根系发育不良', '枯草芽孢杆菌']",[]
374-1,[],"['缺钙', '脐腐病']","['速乐硼', '螯合钙', '磷酸二氢钾']"
375-1,[],['霜霉病'],"['啶氧菌酯', '霜脲氰', '代森联', '王铜', '甲霜灵', '烯酰', '嘧菌酯', '烯酰', '丙森锌']"
375-2,[],"['根系发育不良', '枯草芽孢杆菌']",[]
375-3,[],['霜霉病'],"['啶氧菌酯', '霜脲氰', '代森联', '王铜', '甲霜灵', '烯酰', '嘧菌酯', '烯酰', '丙森锌']"
376-1,[],"['缺素', '光合作用弱', '枯草芽孢杆菌']","['氨基酸', '水溶肥', '平衡型水溶肥', '甲霜恶霉灵', '磷酸二氢钾', '氨基酸', '叶面肥']"
376-2,[],['根系发育不良'],['碧护']
376-3,[],"['缺素', '光合作用弱', '枯草芽孢杆菌']","['氨基酸', '水溶肥', '平衡型水溶肥', '甲霜恶霉灵', '磷酸二氢钾', '氨基酸', '叶面肥']"
377-1,[],"['根腐病', '枯草芽孢杆菌']","['王铜', '?甲霜灵', '?恶霉灵', '精甲霜灵', '咯菌腈', '?福美双']"
377-2,[],"['根腐病', '枯草芽孢杆菌']","['络氨铜', '氯溴异氰尿酸', '甲霜恶霉灵', '咯菌腈', '生根剂', '磷酸二氢钾']"
377-3,[],"['根腐病', '枯草芽孢杆菌']","['王铜', '?甲霜灵', '?恶霉灵', '精甲霜灵', '咯菌腈', '?福美双']"
378-1,[],[],['碧护']
379-1,[],[],"['碧护', '磷酸二氢钾', '氨基酸叶面肥']"
379-2,[],['根系发育不良'],"['海藻酸', '甲壳素']"
379-3,[],[],"['碧护', '磷酸二氢钾', '氨基酸叶面肥']"
380-1,[],"['土壤盐渍化', '枯草芽孢杆菌']","['腐植酸', '碧护', '磷酸二氢钾']"
380-2,[],[],"['碧护', '磷酸二氢钾', '氨基酸叶面肥']"
380-3,[],"['土壤盐渍化', '枯草芽孢杆菌']","['腐植酸', '碧护', '磷酸二氢钾']"
381-1,[],[],"['氨基寡糖素', '宁南霉素']"
381-2,[],"['病毒病', '钝化病毒病']","['氨基寡糖素', '盐酸吗啉胍', '宁南霉素', '松脂酸铜', '烯啶吡蚜酮']"
381-3,[],[],"['氨基寡糖素', '宁南霉素']"
382-1,[],['疫病'],"['杀菌剂', '湿性粉剂', '代森锰锌', '湿性粉剂', '普力克', '雷多米尔', '湿性粉剂', '霜疫清', '湿性粉剂', '百菌清', '湿性粉剂', '甲霜灵', '湿性粉剂', '克露', '湿性粉剂', '肟菌酯', '锰锌', '湿性粉剂']"
382-3,[],['疫病'],"['杀菌剂', '湿性粉剂', '代森锰锌', '湿性粉剂', '普力克', '雷多米尔', '湿性粉剂', '霜疫清', '湿性粉剂', '百菌清', '湿性粉剂', '甲霜灵', '湿性粉剂', '克露', '湿性粉剂', '肟菌酯', '锰锌', '湿性粉剂']"
383-1,[],"['炭疽病', '炭疽']","['咪鲜胺锰盐', '苯甲溴菌腈', '腐霉利', '溴菌腈', '啶氧菌酯', '吡唑醚菌酯']"
383-2,['辣椒'],['炭疽病'],"['苯醚甲环唑', '溴菌腈', '咪鲜胺', '啶氧菌酯']"
383-3,[],"['炭疽病', '炭疽']","['咪鲜胺锰盐', '苯甲溴菌腈', '腐霉利', '溴菌腈', '啶氧菌酯', '吡唑醚菌酯']"
384-1,[],"['脐腐病', '缺钙']",['螯合钙']
384-2,['辣椒'],"['脐腐病', '缺钙']","['钾肥', '糖醇钙', '氨基酸']"
384-3,['辣椒'],"['脐腐病', '缺钙']","['钾肥', '糖醇钙', '氨基酸']"
385-1,[],['炭疽病'],"['苯醚甲环唑', '溴菌腈', '咪鲜胺', '啶氧菌酯']"
385-2,[],['炭疽病'],"['异菌脲', '丙森锌', '腈菌唑', '戊唑醇', '代森联', '嘧菌酯']"
385-3,[],['炭疽病'],"['苯醚甲环唑', '溴菌腈', '咪鲜胺', '啶氧菌酯']"
386-1,[],['用药不当'],"['碧护', '芸苔素内酯']"
386-2,[],[],"['碧护', '磷酸二氢钾', '氨基酸叶面肥']"
386-3,[],[],"['碧护', '磷酸二氢钾', '氨基酸叶面肥']"
387-1,[],['枯萎病'],"['杀菌剂', '乙蒜素', '嘧霉胺', '溴菌腈']"
387-2,[],"['青枯病', '枯萎病', '菌脓', '青枯病', '枯萎病', '青枯病', '枯萎病', '恶霉']","['络氨铜', '噻唑锌', '春雷霉素', '乙蒜素', '叶枯唑', '氯溴异', '磷酸二氢钾', '碧护', '稻瘟灵', '辛菌胺醋酸盐', '恶霉灵', '春雷霉素', '恶霉灵', '敌磺钠']"
387-3,[],['枯萎病'],"['杀菌剂', '乙蒜素', '嘧霉胺', '溴菌腈']"
388-1,[],['炭疽病'],"['苯醚甲环唑', '溴菌腈', '咪鲜胺', '啶氧菌酯']"
388-2,[],['炭疽病'],"['异菌脲', '丙森锌', '腈菌唑', '戊唑醇', '代森联', '嘧菌酯']"
388-3,[],['炭疽病'],"['苯醚甲环唑', '溴菌腈', '咪鲜胺', '啶氧菌酯']"
389-1,[],"['软腐病', '疫病']",[]
389-2,[],"['炭疽病', '细菌性软腐病']","['戊唑醇', '可杀得']"
389-3,[],"['软腐病', '疫病']",[]
390-1,[],[],['碧护']
390-2,[],['用药不当'],"['碧护', '芸苔素内酯']"
390-3,[],['用药不当'],"['碧护', '芸苔素内酯']"
391-3,[],['缺硼'],"['氮肥', '氮肥', '调环酸', '碧护', '＋速乐硼', '＋鳌合钙']"
392-1,[],[],"['高效氯氟氰菊酯', '噻虫嗪', '联苯菊酯', '联苯菊酯', '噻虫嗪', '联苯菊酯']"
392-2,[],[],"['联苯菊酯', '噻虫嗪']"
392-3,[],[],"['高效氯氟氰菊酯', '噻虫嗪', '联苯菊酯', '联苯菊酯', '噻虫嗪', '联苯菊酯']"
393-1,[],['用药不当'],"['碧护', '芸苔素内酯']"
393-2,[],"['土壤盐渍化', '根系发育不良', '缺素', '导致早衰', '枯草芽孢杆菌']","['腐植酸', '甲霜恶霉灵', '碧护', '磷酸二氢钾']"
393-3,[],['用药不当'],"['碧护', '芸苔素内酯']"
394-1,[],[],"['乙蒜素', '氯溴异氰尿酸', '春雷王铜', '氢氧化铜', '春雷霉素']"
394-2,[],"['根系不好', '枯草芽孢杆菌']","['腐植酸', '碧护', '芸苔素内酯']"
394-3,[],[],"['乙蒜素', '氯溴异氰尿酸', '春雷王铜', '氢氧化铜', '春雷霉素']"
395-1,[],"['脐腐病', '缺钙']",['螯合钙']
395-2,['辣椒'],"['脐腐病', '缺钙']","['钾肥', '糖醇钙', '氨基酸']"
395-3,['辣椒'],"['脐腐病', '缺钙']","['钾肥', '糖醇钙', '氨基酸']"
396-1,[],[],"['细菌性', '喹啉铜', '多抗霉素', '琥胶肥酸铜', '春雷霉素', '生菌素']"
396-2,[],"['根系发育不良', '枯草芽孢杆菌']",[]
396-3,[],[],"['细菌性', '喹啉铜', '多抗霉素', '琥胶肥酸铜', '春雷霉素', '生菌素']"
397-1,"['辣椒', '辣椒', '辣椒', '辣椒']","['光照不足', '疮痂病', '炭疽病', '病毒病', '光照不足']",[]
398-1,[],[],"['氨基寡糖素', '宁南霉素']"
398-2,[],['病毒病'],"['氨基寡糖素', '宁南霉素']"
399-1,[],[],"['碧护', '磷酸二氢钾', '氨基酸叶面肥']"
399-2,[],['茶黄螨'],"['哒螨灵', '哒螨灵', '螺螨酯', '乙螨唑', '四螨嗪', '联苯肼酯']"
400-1,[],"['根腐病', '枯草芽孢杆菌']","['霜霉威', '王铜', '甲霜灵', '恶霉灵', '酸钠', '恶霉灵']"
400-2,['辣椒'],['根腐病'],"['杀菌剂', '乙蒜素', '甲基硫菌灵', '溴菌腈', '碧护']"
401-1,[],['用药不当'],"['磷酸二氢钾', '氨基酸叶面肥', '碧护']"
401-2,[],['施药不当'],['碧护']
402-1,[],['白粉病'],[]
402-2,[],['施药不当'],['碧护']
403-1,[],[],"['生菌素', '恶霉灵', '生根剂', '普力克']"
403-2,[],['根腐病'],"['杀菌剂', '乙蒜素', '甲基硫菌灵', '溴菌腈']"
404-1,[],"['病毒病', '蚜虫', '白粉虱', '蓟马', '螨虫', '病毒病']","['盐酸', '宁南霉素', '乙酸铜', '阿维菌素']"
404-2,[],"['病毒病', '病毒病', '蓟马', '蚜虫', '刺吸式害虫', '缺水缺']","['宁南霉素', '盐酸吗啉胍', '氨基寡糖素']"
405-1,[],['辣椒白星病'],"['苯醚甲环唑', '吡唑嘧菌酯', '噻菌铜', '戊唑醇', '琥胶肥酸铜', '磷酸二氢钾']"
405-2,[],['白星病'],"['肟菌戊唑醇', '氟硅唑', '苯甲丙环唑']"
406-1,[],['细菌性病害'],"['喹啉铜', '乙蒜素', '噻唑锌', '叶枯唑', '氯溴异氰尿酸']"
406-2,[],[],"['碧护', '磷酸二氢钾', '氨基酸叶面肥']"
407-1,[],"['脐腐病', '缺钙']",[]
407-2,['辣椒'],"['炭疽病', '脐腐病', '缺钙', '生理性病害', '脐腐病']","['阿砣', '苯醚甲环唑', '咪鲜胺锰盐', '腐霉利', '氟硅唑', '啶氧菌酯', '苯甲溴菌腈', '吡唑嘧菌酯', '螯合钙', '氨基酸', '糖醇钙', '氨基酸叶面肥']"
408-1,['辣椒'],['疫病'],"['锰锌', '烯酰吗啉', '锰锌', '乙铝', '霜霉威盐酸盐', '氰霜唑', '氟吗啉', '锰锌', '磷酸二氢钾', '腐植酸']"
408-2,[],['疫病'],"['烯酰吗啉', '氟吗啉', '霜霉威盐酸盐', '霜脲锰锌', '锰锌', '氰霜唑']"
409-1,[],['炭疽病'],"['苯醚甲环唑', '吡唑醚菌酯', '咪鲜胺', '溴菌腈']"
409-2,[],['炭疽病'],"['溴菌腈', '咪鲜胺', '氟环唑', '四氟醚唑', '啶氧菌酯', '溴菌腈', '苯醚甲环唑', '醚菌酯', '醚菌酯']"
410-1,[],['细菌性病害'],"['生菌素', '叶枯唑', '噻唑锌']"
410-2,[],"['炭疽病', '疫病危害']",['肟菌戊唑醇']
411-2,[],[],"['碧护', '磷酸二氢钾', '氨基酸叶面肥']"
412-1,[],[],"['碧护', '磷酸二氢钾', '氨基酸叶面肥']"
412-2,[],[],['碧护']
413-1,[],"['根系发育不良', '炭疽病', '枯草芽孢杆菌']","['碧护', '肟菌戊唑醇', '磷酸二氢钾']"
413-2,[],['肥害'],['碧护']
414-1,[],['根系发育不良'],"['海藻酸', '甲壳素']"
414-2,[],['枯草芽孢杆菌'],['碧护']
415-1,[],['炭疽病'],"['苯醚甲环唑', '溴菌腈', '咪鲜胺', '啶氧菌酯']"
415-2,['辣椒'],['炭疽病'],"['苯醚甲环唑', '咪鲜胺锰盐', '腐霉利', '氟硅唑', '啶氧菌酯', '吡唑嘧菌酯']"
416-1,[],['枯草芽孢杆菌'],"['有机肥', '生物菌肥', '硫酸钾复合肥', '霜霉威盐酸盐', '普力克', '恶霉灵', '甲壳素', '生根剂', '甲霜恶霉灵']"
416-2,['辣椒'],[],"['有机肥', '平衡型水溶肥', '恶霉灵']"
417-1,[],['疫病'],"['烯酰', '代森联', '代森联', '霜脲氰', '霜霉威', '烯酰', '嘧菌酯', '霜脲氰']"
417-2,[],['用药不当'],"['磷酸二氢钾', '氨基酸叶面肥', '碧护']"
418-1,['辣椒'],"['炭疽病', '疫病']","['苯醚甲环唑', '咪鲜胺锰盐', '腐霉利', '氟硅唑', '啶氧菌酯', '吡唑嘧菌酯', '烯酰吗啉']"
418-2,[],['疫病'],"['烯酰吗啉', '氟吗啉', '霜霉威盐酸盐', '霜脲锰锌', '锰锌', '氰霜唑']"
419-1,['辣椒'],['炭疽病'],"['苯醚甲环唑', '溴菌腈', '咪鲜胺', '啶氧菌酯']"
419-2,[],['炭疽病'],"['肟菌戊唑醇', '氟硅唑', '苯甲丙环唑']"
420-1,[],['茶黄螨'],"['哒螨灵', '螺螨酯', '乙螨唑', '四螨嗪', '联苯肼酯']"
420-2,[],['茶黄螨'],"['哒螨灵', '联苯肼酯']"
421-1,['辣椒'],['疫病'],"['烯酰', '代森联', '代森联', '霜脲氰', '霜霉威', '烯酰', '嘧菌酯', '霜脲氰']"
421-2,[],['根系发育不良'],"['海藻酸', '甲壳素']"
422-1,[],['白星病'],"['戊唑醇', '苯甲丙森锌', '腈菌唑']"
422-2,[],['辣椒白星病'],"['苯醚甲环唑', '吡唑嘧菌酯', '噻菌铜', '戊唑醇', '琥胶肥酸铜', '磷酸二氢钾']"
423-1,[],['绵疫病'],"['双炔酰菌胺', '锰锌', '杀毒矾', '杀毒矾', '恶霜灵', '代森锰锌', '克露', '霜脲锰锌']"
423-2,[],['绵疫病'],"['霜霉威', '菌胺', '烯酰吗啉', '湿性粉剂']"
424-2,[],['禾本科杂草阔叶杂草'],[]
425-1,[],"['病害表现：土壤盐渍化', '病害表现']","['氨基酸', '水溶肥', '磷酸二氢钾', '芸苔素内酯']"
425-2,[],"['缺素', '光合作用弱', '枯草芽孢杆菌']","['氨基酸', '水溶肥', '平衡型水溶肥', '甲霜恶霉灵', '磷酸二氢钾', '氨基酸', '叶面肥']"
426-1,[],[],['碧护']
426-2,[],"['根系发育不良', '枯草芽孢杆菌']",[]
427-1,[],['肥害'],['碧护']
427-2,[],['炭疽病'],['苯甲溴菌腈']
428-1,[],['晚疫病'],"['杀菌剂', '湿性粉剂', '代森锰锌', '湿性粉剂', '普力克', '雷多米尔', '湿性粉剂', '霜疫清', '湿性粉剂', '百菌清', '湿性粉剂', '甲霜灵', '湿性粉剂', '克露', '湿性粉剂', '肟菌酯', '锰锌', '湿性粉剂']"
428-2,['辣椒'],['疫病'],"['锰锌', '烯酰吗啉', '锰锌', '乙铝', '霜霉威盐酸盐', '氰霜唑', '氟吗啉', '锰锌', '磷酸二氢钾', '腐植酸']"
429-1,[],[],"['脱肥', '生物菌肥', '芸苔素内酯']"
429-2,[],"['根系发育不良导致', '枯草芽孢杆菌']","['碧护', '磷酸二氢钾']"
430-1,[],['炭疽病'],"['肟菌戊唑醇', '氟硅唑', '苯甲丙环唑']"
430-2,[],['炭疽病'],"['异菌脲', '丙森锌', '腈菌唑', '戊唑醇', '代森联', '嘧菌酯']"
431-1,[],['枯草芽孢杆菌'],['恶霉灵']
431-2,[],"['疫霉', '茎基腐病']","['氰霜唑', '锰锌', '湿性粉剂']"
432-1,[],[],"['磷酸二氢钾', '氨基酸']"
432-2,['辣椒'],"['紫斑病', '生理性病害']","['碧护', '＋磷酸二氢钾']"
433-1,[],[],['磷酸二氢钾']
433-2,[],[],['磷酸二氢钾']
434-1,[],"['缺素证', '枯草芽孢杆菌']",['氨基酸']
434-2,[],[],"['碧护', '磷酸二氢钾', '氨基酸叶面肥']"
435-1,[],['用药不当'],"['碧护', '芸苔素内酯']"
435-2,[],['细菌性叶斑病'],"['噻菌铜', '喹啉铜', '松脂酸铜', '壬菌酮']"
436-1,[],['炭疽病'],"['苯醚甲环唑', '溴菌腈', '咪鲜胺', '啶氧菌酯']"
436-2,[],['疫病危害'],['克露']
437-1,[],['茶黄螨'],"['哒螨灵', '哒螨灵', '螺螨酯', '乙螨唑', '四螨嗪', '联苯肼酯']"
437-2,[],['茶黄螨'],"['阿维哒螨灵', '阿维螺螨酯']"
438-1,[],['炭疽病'],"['异菌脲', '丙森锌', '腈菌唑', '戊唑醇', '代森联', '嘧菌酯']"
438-2,[],"['炭疽病', '炭疽']","['咪鲜胺锰盐', '苯甲溴菌腈', '腐霉利', '溴菌腈', '啶氧菌酯', '吡唑醚菌酯']"
439-1,[],['病毒病'],[]
439-2,[],['病毒病危害'],"['盐酸吗啉胍', '烯啶吡蚜酮']"
440-1,[],['根腐病'],"['杀菌剂', '乙蒜素', '甲基硫菌灵', '溴菌腈']"
440-2,[],"['根腐病', '枯草芽孢杆菌']","['恶霉灵', '甲基立枯磷', '生根剂', '恶霉灵', '甲霜灵']"
441-1,[],['细菌性病害'],"['生菌素', '氢氧化铜', '喹啉铜', '春雷王铜']"
441-2,[],['炭疽病'],"['苯甲溴菌腈', '咪鲜胺锰盐']"
442-1,[],['炭疽病'],"['异菌脲', '丙森锌', '腈菌唑', '戊唑醇', '代森联', '嘧菌酯']"
442-2,[],[],['碧护']
443-1,[],['根系不好'],"['缺微肥', '氨基酸二轻钾肥', '水溶肥', '恶霉灵']"
443-2,[],['枯草芽孢杆菌'],"['腐植酸', '碧护', '磷酸二氢钾']"
444-1,[],['肥害'],['碧护']
444-2,[],['高温气害'],"['碧护', '磷酸二氢钾', '氨基酸叶面肥']"
445-1,[],['细菌性病害'],"['喹啉铜', '乙蒜素', '噻唑锌', '叶枯唑', '氯溴异氰尿酸']"
445-2,[],['细菌性病害'],"['生菌素', '氢氧化铜', '喹啉铜', '春雷王铜']"
446-1,[],['根腐病'],[]
446-2,[],"['肥害', '烧根']",[]
447-1,[],['螨虫'],"['四螨嗪', '阿维哒螨灵', '螺螨酯', '联苯肼酯', '乙螨唑']"
447-2,[],['用药不当'],"['磷酸二氢钾', '氨基酸叶面肥', '碧护']"
448-1,[],['施药不当'],['碧护']
448-2,[],['疫病'],"['烯酰吗啉', '氟吗啉', '霜霉威盐酸盐', '霜脲锰锌', '锰锌', '氰霜唑']"
449-1,[],['生理性病害'],"['氨基酸', '十芸苔素', '碧护']"
449-2,[],['高温灼伤'],['碧护']
450-1,[],[],['氨基酸二氢钾']
450-2,[],[],['水溶肥']
451-1,[],['炭疽病'],"['苯醚甲环唑', '溴菌腈', '咪鲜胺', '啶氧菌酯']"
451-2,[],['炭疽病'],"['苯醚甲环唑', '吡唑醚菌酯', '咪鲜胺', '溴菌腈']"
452-1,[],['枯草芽孢杆菌'],"['恶霉灵', '氨基酸二氢钾']"
452-2,[],"['土壤盐渍化', '根系发育不良', '缺素', '枯草芽孢杆菌']","['腐植酸', '甲霜恶霉灵', '碧护', '磷酸二氢钾']"
453-1,[],[],['氨基酸二氢钾']
453-2,[],[],"['碧护', '磷酸二氢钾', '氨基酸叶面肥']"
454-1,[],['炭疽病'],"['肟菌戊唑醇', '氟硅唑', '苯甲丙环唑']"
454-2,[],['蔓枯病'],"['戊唑醇', '霜唑', '氟硅', '氟环睉', '苯醚甲环唑', '肟菌酯', '戊唑醇', '苯甲丙环唑', '苯甲嘧菌酯', '吡唑醚菌酯']"
455-1,[],"['炭疽病', '炭疽']","['咪鲜胺锰盐', '苯甲溴菌腈', '腐霉利', '溴菌腈', '啶氧菌酯', '吡唑醚菌酯']"
455-2,[],['炭疽病'],"['苯醚甲环唑', '吡唑醚菌酯', '咪鲜胺', '溴菌腈']"
456-1,[],['病毒病'],"['氨基寡糖素', '螺虫乙酯', '多杀菌素']"
457-1,[],['炭疽病'],"['苯醚甲环唑', '呲唑醚菌酯', '咪鲜胺']"
457-2,[],['炭疽病'],"['异菌脲', '丙森锌', '腈菌唑', '戊唑醇', '代森联', '嘧菌酯']"
458-1,[],['炭疽病'],"['肟菌戊唑醇', '氟硅唑', '苯甲丙环唑']"
458-2,[],"['炭疽病', '氟菌']","['肟菌酯', '苯醚甲环唑', '吡唑醚菌酯', '肟菌戊唑醇', '咪鲜胺']"
459-1,[],"['炭疽病', '疫病危害']",['肟菌戊唑醇']
459-2,[],['炭疽病'],"['苯醚甲环唑', '溴菌腈', '咪鲜胺', '啶氧菌酯']"
460-1,[],['炭疽病'],"['苯醚甲环唑', '溴菌腈', '咪鲜胺', '啶氧菌酯']"
460-2,[],['炭疽病'],"['肟菌戊唑醇', '氟硅唑', '苯甲丙环唑']"
461-1,[],['疫病'],"['霜霉威', '菌胺', '烯酰吗啉', '湿性粉剂']"
461-2,[],['疫病'],[]
462-1,[],['烟青虫'],[]
462-2,['辣椒'],['疫病'],"['烯酰', '代森联', '代森联', '霜脲氰', '霜霉威', '烯酰', '嘧菌酯', '霜脲氰']"
463-1,[],['病毒病'],[]
463-2,[],['病毒病'],[]
463-3,[],['病毒病'],[]
464-1,[],['炭疽病'],"['苯醚甲环唑', '吡唑醚菌酯', '咪鲜胺', '溴菌腈']"
464-2,[],['炭疽病'],"['苯醚甲环唑', '溴菌腈', '咪鲜胺', '啶氧菌酯']"
465-1,[],"['土壤盐渍化', '根系发育不良', '缺素', '导致早衰', '枯草芽孢杆菌']","['腐植酸', '甲霜恶霉灵', '碧护', '磷酸二氢钾']"
465-2,[],"['土壤盐渍化', '枯草芽孢杆菌']","['腐植酸', '碧护', '磷酸二氢钾']"
466-1,[],"['脐腐病', '紫斑病']","['螯合钙', '磷酸二氢钾']"
466-2,[],"['脐腐病', '疫病危害']",['鳌合钙']
467-1,[],['疫病'],[]
467-2,[],[],['霜霉威盐酸盐']
467-3,[],['疫病危害'],['克露']
468-1,[],['炭疽病'],"['肟菌戊唑醇', '氟硅唑', '苯甲丙环唑']"
468-2,[],[],['碧护']
469-1,[],['用药不当'],[]
469-2,[],['疫病'],"['霜霉威', '菌胺', '烯酰吗啉', '湿性粉剂']"
470-1,[],['施药不当'],['碧护']
470-2,[],['用药不当'],"['碧护', '芸苔素内酯']"
471-1,[],[],['氨基酸二氢钾']
471-2,[],"['病毒病', '钝化病毒病']","['氨基寡糖素', '盐酸吗啉胍', '宁南霉素', '松脂酸铜', '烯啶吡蚜酮']"
472-1,[],"['脐腐病', '缺钙']","['钾肥', '糖醇钙', '氨基酸']"
472-2,[],"['病毒病', '钝化病毒病']","['氨基寡糖素', '盐酸吗啉胍', '宁南霉素', '松脂酸铜', '烯啶吡蚜酮']"
473-1,[],[],['碧护']
473-2,[],['用药不当'],"['磷酸二氢钾', '氨基酸叶面肥', '碧护']"
474-1,[],['炭疽病'],"['苯醚甲环唑', '溴菌腈', '咪鲜胺', '啶氧菌酯']"
474-2,[],['炭疽病'],"['苯醚甲环唑', '吡唑醚菌酯']"
475-1,[],['病毒病'],[]
475-2,[],['病毒病'],"['宁南霉素', '氨基寡糖素']"
476-1,[],['炭疽病'],['咪鲜胺']
476-2,[],['炭疽病'],"['苯醚甲环唑', '吡唑醚菌酯', '咪鲜胺', '溴菌腈']"
477-1,[],"['根腐病', '枯草芽孢杆菌']",['甲霜恶霉灵']
477-2,[],['根腐病'],"['恶霉灵', '多菌灵', '福美双', '百菌清']"
478-1,[],['灼果'],[]
479-1,[],['炭疽病'],"['肟菌戊唑醇', '氟硅唑', '苯甲丙环唑']"
479-2,[],['炭疽病'],"['苯醚甲环唑', '吡唑醚菌酯', '阿砣', '啶氧菌酯', '戊唑醇', '百菌清']"
479-3,[],['炭疽病'],"['肟菌戊唑醇', '氟硅唑', '苯甲丙环唑']"
480-1,[],['炭疽病'],"['苯醚甲环唑', '溴菌腈', '咪鲜胺', '啶氧菌酯']"
480-2,[],['细菌性病害'],"['噻唑锌', '乙蒜素', '生菌素', '喹啉铜', '络氨铜']"
480-3,[],['炭疽病'],"['苯醚甲环唑', '溴菌腈', '咪鲜胺', '啶氧菌酯']"
481-1,[],['施药不当'],['碧护']
481-2,[],[],"['碧护', '磷酸二氢钾', '氨基酸叶面肥']"
481-3,[],['施药不当'],['碧护']
482-1,['辣椒'],['疫病'],[]
482-2,[],['疫病危害'],['克露']
482-3,['辣椒'],['疫病'],[]
483-1,[],[],['水溶肥']
483-2,[],"['僵果', '供应不足']",['调环酸钙']
484-1,[],['根系发育不良'],"['海藻酸', '甲壳素']"
484-2,[],"['根系发育不良', '枯草芽孢杆菌']",[]
484-3,[],['根系发育不良'],"['海藻酸', '甲壳素']"
485-1,[],['炭疽病'],"['苯醚甲环唑', '吡唑醚菌酯', '阿砣', '啶氧菌酯', '戊唑醇', '百菌清']"
485-2,[],"['高温气害', '炭疽病']","['碧护', '肟菌戊唑醇', '磷酸二氢钾', '氨基酸叶面肥']"
485-3,[],['炭疽病'],"['苯醚甲环唑', '吡唑醚菌酯', '阿砣', '啶氧菌酯', '戊唑醇', '百菌清']"
486-1,[],['病毒病'],[]
486-2,[],['茶黄螨'],"['阿维菌素', '哒螨灵', '螺螨酯', '联苯肼酯']"
487-1,[],['病毒病'],[]
487-2,[],['缺硼'],['钙元素']
488-1,[],['病毒病'],"['氨基寡糖素', '宁南霉素', '烟酸吗啉胍']"
488-2,[],"['病毒病', '病毒病', '蓟马', '蚜虫', '刺吸式害虫', '缺水缺']","['宁南霉素', '盐酸吗啉胍', '氨基寡糖素']"
488-3,[],['病毒病'],"['氨基寡糖素', '宁南霉素', '烟酸吗啉胍']"
489-1,['辣椒'],['根腐病'],"['杀菌剂', '乙蒜素', '甲基硫菌灵', '溴菌腈', '碧护']"
489-2,[],"['青枯病', '根腐病']",[]
489-3,['辣椒'],['根腐病'],"['杀菌剂', '乙蒜素', '甲基硫菌灵', '溴菌腈', '碧护']"
490-1,[],['炭疽病'],"['苯醚甲环唑', '溴菌腈', '咪鲜胺', '啶氧菌酯']"
490-2,[],['炭疽病'],"['苯醚甲环唑', '吡唑醚菌酯', '阿砣', '啶氧菌酯', '戊唑醇', '百菌清']"
490-3,[],['炭疽病'],"['苯醚甲环唑', '溴菌腈', '咪鲜胺', '啶氧菌酯']"
491-1,[],[],"['黄腐酸', '水溶肥']"
491-3,[],[],"['黄腐酸', '水溶肥']"
492-1,[],['疫病'],"['烯酰吗啉', '氟吗啉', '霜霉威盐酸盐', '霜脲锰锌', '锰锌', '氰霜唑']"
492-2,[],['疫病'],"['杀菌剂', '湿性粉剂', '代森锰锌', '湿性粉剂', '普力克', '雷多米尔', '湿性粉剂', '霜疫清', '湿性粉剂', '百菌清', '湿性粉剂', '甲霜灵', '湿性粉剂', '克露', '湿性粉剂', '肟菌酯', '锰锌', '湿性粉剂']"
492-3,[],['疫病'],"['烯酰吗啉', '氟吗啉', '霜霉威盐酸盐', '霜脲锰锌', '锰锌', '氰霜唑']"
493-1,[],['供应不足'],['调环酸钙']
493-2,[],"['氮肥过量', '磷钾肥不足']",['矮壮素']
493-3,[],['供应不足'],['调环酸钙']
494-1,[],['白星病'],"['苯醚甲环唑', '代森联', '己唑醇', '肟菌酯', '戊唑醇', '氟硅唑', '氟环唑']"
494-2,['辣椒'],['疫病'],"['烯酰', '代森联', '代森联', '霜脲氰', '霜霉威', '烯酰', '嘧菌酯', '霜脲氰']"
494-3,[],['白星病'],"['苯醚甲环唑', '代森联', '己唑醇', '肟菌酯', '戊唑醇', '氟硅唑', '氟环唑']"
495-1,['辣椒'],"['脐腐病', '缺钙']","['钾肥', '糖醇钙', '氨基酸']"
495-3,['辣椒'],"['脐腐病', '缺钙']","['钾肥', '糖醇钙', '氨基酸']"
496-2,[],"['缺硼', '缺钙', '缺硼', '缺硼']","['速乐硼', '速乐硼', '糖醇钙']"
496-3,['辣椒'],"['脐腐病', '缺钙']","['钾肥', '糖醇钙', '氨基酸']"
497-1,[],['肥害'],['碧护']
497-2,[],['枯草芽孢杆菌'],"['氨基酸', '十芸苔素']"
497-3,[],['肥害'],['碧护']
498-1,[],"['疫病', '炭疽病危害']",['肟菌戊唑醇']
499-1,[],['菟丝子'],[]
499-2,[],['菟丝子'],[]
499-3,[],"['菟丝子', '菟丝子']",[]
500-1,['辣椒'],['疫病'],"['锰锌', '烯酰吗啉', '锰锌', '乙铝', '霜霉威盐酸盐', '氰霜唑', '氟吗啉', '锰锌', '磷酸二氢钾', '腐植酸']"
500-2,['辣椒'],['疮痂病'],"['杀菌剂', '噻唑锌', '乙蒜素', '氯溴异氰尿酸']"
501-1,[],"['高温灼伤', '用药不当']","['生物菌肥', '氨基酸叶面肥']"
501-2,[],[],"['碧护', '磷酸二氢钾']"
502-1,[],[],"['有机肥', '硫酸钾复合肥']"
502-2,[],[],['平衡肥']
503-1,[],"['缺硼', '畸形果']",['速乐硼']
503-2,[],[],[]
504-1,[],['粘菌病'],"['嘧霉胺', '腐霉利']"
504-2,[],['白粉病'],"['肟菌戊唑醇', '氟硅唑', '苯甲丙环唑']"
505-1,[],"['病斑', '炭疽病']","['苯醚甲环唑', '溴菌腈', '咪鲜胺', '啶氧菌酯']"
505-2,[],"['炭疽病', '炭疽']","['咪鲜胺锰盐', '苯甲溴菌腈', '腐霉利', '溴菌腈', '啶氧菌酯', '吡唑醚菌酯']"
506-1,[],['青枯病'],"['喹啉铜', '叶枯唑', '乙蒜素', '嘧霉胺', '噻菌铜', '春雷霉素', '喹啉铜']"
506-2,[],"['根系发育不良导致', '枯草芽孢杆菌']","['碧护', '磷酸二氢钾']"
507-1,[],[],['春雷霉素']
507-2,[],['疫病'],['可杀得']
508-1,[],['炭疽病'],"['肟菌戊唑醇', '氟硅唑', '苯甲丙环唑']"
508-2,[],['炭疽病'],"['苯醚甲环唑', '溴菌腈', '咪鲜胺', '啶氧菌酯']"
509-1,['辣椒'],['疫病'],"['霜霉威', '菌胺', '烯酰吗啉', '湿性粉剂']"
509-2,[],['疫病'],"['杀菌剂', '湿性粉剂', '代森锰锌', '湿性粉剂', '普力克', '雷多米尔', '湿性粉剂', '霜疫清', '湿性粉剂', '百菌清', '湿性粉剂', '甲霜灵', '湿性粉剂', '克露', '湿性粉剂', '肟菌酯', '锰锌', '湿性粉剂']"
510-1,[],[],"['碧护', '氨基酸']"
510-2,[],['根系发育不良'],"['海藻酸', '甲壳素']"
511-1,[],['低温冻害'],['碧护']
511-2,[],[],"['生物菌肥', '芸苔素内酯']"
512-1,[],['绵疫病'],"['锰锌', '烯酰吗啉', '锰锌', '乙铝', '霜霉威盐酸盐', '氰霜唑', '氟吗啉']"
512-2,[],['绵疫病'],"['霜霉威', '菌胺', '烯酰吗啉', '湿性粉剂']"
513-1,[],['缺硼'],"['速乐硼', '十螯合钙']"
513-2,[],['缺硼'],['螯合钙速乐硼']
514-1,[],['炭疽病'],"['异菌脲', '丙森锌', '腈菌唑', '戊唑醇', '代森联', '嘧菌酯']"
514-2,[],['炭疽病'],['咪鲜胺']
515-1,[],['炭疽病'],"['异菌脲', '丙森锌', '腈菌唑', '戊唑醇', '代森联', '嘧菌酯']"
515-2,[],"['炭疽病', '细菌性疮痂病']","['苯甲溴菌腈', '生菌素']"
516-1,[],[],"['噻菌铜', '噻菌锌', '多抗霉素', '王铜']"
517-1,[],['肥害'],['碧护']
517-2,[],[],"['氨基酸', '磷酸二氢钾']"
517-3,[],['肥害'],['碧护']
518-2,[],[],"['碧护', '磷酸二氢钾', '氨基酸叶面肥']"
518-3,[],['肥害'],['碧护']
